"effect","group","term","estimate","std.error","statistic","df","p.value","pfas_var","immune_var","n_obs","FDR_p"
"fixed",NA,"PFAS_scaled",-7.05075995547448,7.74804828193196,-0.910004648772837,109.999999998756,0.364809756348082,"PFBA","log_igy",111,0.993006019756388
"fixed",NA,"PFAS_scaled:DNA_sexF",-0.0212783890277412,0.124774571710004,-0.170534658914282,109.999999998422,0.864902954466414,"PFBA","log_igy",111,0.993006019756388
"fixed",NA,"PFAS_scaled:DNA_sexM",-0.00558727167056435,0.124107058550529,-0.0450197735392266,109.999999998359,0.964173174178223,"PFBA","log_igy",111,0.993006019756388
"fixed",NA,"PFAS_scaled:age",-0.00234427538565262,0.00509589213179971,-0.460032380007364,109.999999998946,0.646401000397111,"PFBA","log_igy",111,0.993006019756388
"fixed",NA,"PFAS_scaled:countyASHLAND",7.26963637827553,7.72816793320463,0.940667495984528,109.99999999829,0.348936432058839,"PFBA","log_igy",111,0.993006019756388
"fixed",NA,"PFAS_scaled:countyBAYFIELD",6.82966894192069,7.72733328333688,0.883832583829159,109.999999999143,0.378714252842085,"PFBA","log_igy",111,0.993006019756388
"fixed",NA,"PFAS_scaled:countyBROWN",7.09921192540055,7.72725357291739,0.91872382061875,109.999999998891,0.360250208388289,"PFBA","log_igy",111,0.993006019756388
"fixed",NA,"PFAS_scaled:countyColumbia",7.55254670151472,8.33056815591033,0.906606435499406,109.999999997453,0.366596651109253,"PFBA","log_igy",111,0.993006019756388
"fixed",NA,"PFAS_scaled:countyCrawford",6.92014672494126,7.7445912375496,0.89354576796629,109.999999999071,0.373515759146073,"PFBA","log_igy",111,0.993006019756388
"fixed",NA,"PFAS_scaled:countyDane",7.80804913215721,9.21431933717522,0.847382085039705,109.999999998123,0.398622138589993,"PFBA","log_igy",111,0.993006019756388
"fixed",NA,"PFAS_scaled:countyDOUGLAS",7.23734772836892,7.72328345295774,0.93708171821627,109.999999998276,0.350769396042364,"PFBA","log_igy",111,0.993006019756388
"fixed",NA,"PFAS_scaled:countyGrant",7.69521580309768,7.75835159409877,0.991862215802503,109.999999998588,0.323441564707169,"PFBA","log_igy",111,0.993006019756388
"fixed",NA,"PFAS_scaled:countyIowa",7.32136481031065,7.73066590422155,0.947054872247501,109.999999998573,0.345686664810569,"PFBA","log_igy",111,0.993006019756388
"fixed",NA,"PFAS_scaled:countyJuneau",8.0779881607303,7.78021753566955,1.03827278912133,109.999999999209,0.301419986422736,"PFBA","log_igy",111,0.993006019756388
"fixed",NA,"PFAS_scaled:countyKEWAUNEE",8.28658111053546,7.74007715640442,1.07060704216351,109.99999999809,0.286689646770963,"PFBA","log_igy",111,0.993006019756388
"fixed",NA,"PFAS_scaled:countyLincoln",7.12895782631279,7.72848970988303,0.922425738265063,109.99999999904,0.358325365276531,"PFBA","log_igy",111,0.993006019756388
"fixed",NA,"PFAS_scaled:countyMANITOWOC",7.07938922442459,7.72671169646568,0.916222773998779,109.999999998468,0.361554365787857,"PFBA","log_igy",111,0.993006019756388
"fixed",NA,"PFAS_scaled:countyOneida",7.11503532300157,7.73164241906458,0.920248885987977,109.999999998867,0.359456442246683,"PFBA","log_igy",111,0.993006019756388
"fixed",NA,"PFAS_scaled:countyOUTAGAMIE",7.3249770246327,7.72786199650669,0.947865920476309,109.999999998682,0.345275423328052,"PFBA","log_igy",111,0.993006019756388
"fixed",NA,"PFAS_scaled:countyPortage",6.23596524816733,9.28786733520755,0.671409810573913,109.999999998083,0.503367040069874,"PFBA","log_igy",111,0.993006019756388
"fixed",NA,"PFAS_scaled:countyWood",10.2983205629193,8.4691804161033,1.21597605163046,109.999999998925,0.226597085248041,"PFBA","log_igy",111,0.993006019756388
"fixed",NA,"PFAS_scaled",-0.00176780828406305,0.0547969107173293,-0.0322610939361584,109.999999999646,0.974322300119918,"PFBS","log_igy",111,0.993006019756388
"fixed",NA,"PFAS_scaled",0.50409183712731,0.86798839884005,0.580758726500218,109.99999999893,0.562591033911391,"PFDA","log_igy",111,0.993006019756388
"fixed",NA,"PFAS_scaled:DNA_sexF",0.182412345716891,0.103147024111381,1.76846930183771,109.999999998835,0.0797545604420874,"PFDA","log_igy",111,0.993006019756388
"fixed",NA,"PFAS_scaled:DNA_sexM",0.140423343546348,0.10835071378605,1.29600755398463,109.99999999818,0.19768557297734,"PFDA","log_igy",111,0.993006019756388
"fixed",NA,"PFAS_scaled:age",-0.00489946714191444,0.0048102272534641,-1.01855211484781,109.999999998393,0.310650643601618,"PFDA","log_igy",111,0.993006019756388
"fixed",NA,"PFAS_scaled:countyASHLAND",-0.344587147956246,0.850794774856039,-0.405017941035842,109.99999999857,0.686250895744894,"PFDA","log_igy",111,0.993006019756388
"fixed",NA,"PFAS_scaled:countyBAYFIELD",-0.509439464830581,0.85112770139102,-0.598546450782874,109.99999999864,0.550705914501718,"PFDA","log_igy",111,0.993006019756388
"fixed",NA,"PFAS_scaled:countyBROWN",0.159545802879249,0.894025817702144,0.178457713099739,109.999999998714,0.858691783631281,"PFDA","log_igy",111,0.993006019756388
"fixed",NA,"PFAS_scaled:countyColumbia",0.517881204755785,11.4673685708334,0.0451612941152852,109.99999999838,0.964060628939743,"PFDA","log_igy",111,0.993006019756388
"fixed",NA,"PFAS_scaled:countyCrawford",-0.493632983211298,2.07865629177384,-0.237476962961516,109.999999999536,0.812728531432425,"PFDA","log_igy",111,0.993006019756388
"fixed",NA,"PFAS_scaled:countyDane",-2.20975049191905,2.5642651759105,-0.861748040989725,109.999999999008,0.390700860950593,"PFDA","log_igy",111,0.993006019756388
"fixed",NA,"PFAS_scaled:countyDOOR",-0.380359398990452,0.857015899497056,-0.443818369313415,109.999999998561,0.658045709002021,"PFDA","log_igy",111,0.993006019756388
"fixed",NA,"PFAS_scaled:countyDOUGLAS",-0.425791278671806,0.863444395790501,-0.493131093035801,109.999999998623,0.622902990044935,"PFDA","log_igy",111,0.993006019756388
"fixed",NA,"PFAS_scaled:countyGrant",0.514815788384692,3.37185788405508,0.152680156189015,109.999999998905,0.878930220567029,"PFDA","log_igy",111,0.993006019756388
"fixed",NA,"PFAS_scaled:countyIowa",-0.606418451281311,1.34406680073534,-0.451181779766852,109.999999998988,0.65274674786028,"PFDA","log_igy",111,0.993006019756388
"fixed",NA,"PFAS_scaled:countyJuneau",0.748596339233386,1.76991703426637,0.422955610201061,109.999999998772,0.673153368035481,"PFDA","log_igy",111,0.993006019756388
"fixed",NA,"PFAS_scaled:countyKEWAUNEE",34.7700056547678,10.9881490990994,3.16431869837093,109.999999999089,0.00201047906169264,"PFDA","log_igy",111,0.267954903038165
"fixed",NA,"PFAS_scaled:countyLincoln",-0.72282712650176,0.970580666385561,-0.744736786478105,109.999999998522,0.45801900963236,"PFDA","log_igy",111,0.993006019756388
"fixed",NA,"PFAS_scaled:countyMANITOWOC",0.0283725590216388,0.879603380438243,0.0322560822896142,109.999999998882,0.974326287663622,"PFDA","log_igy",111,0.993006019756388
"fixed",NA,"PFAS_scaled:countyOneida",-0.52581485010034,0.886263943162211,-0.593293740715909,109.999999998976,0.554202522644717,"PFDA","log_igy",111,0.993006019756388
"fixed",NA,"PFAS_scaled:countyOUTAGAMIE",4.79433762634551,5.07806320423458,0.944127206283593,109.9999999983,0.347173767319926,"PFDA","log_igy",111,0.993006019756388
"fixed",NA,"PFAS_scaled:countyPortage",-1.51541592119129,5.38215373384866,-0.281563105799218,109.999999999298,0.778807528474237,"PFDA","log_igy",111,0.993006019756388
"fixed",NA,"PFAS_scaled:countyWINNEBAGO",-2.78533825367647,2.79679300108718,-0.995904327776043,109.999999998566,0.321482365619315,"PFDA","log_igy",111,0.993006019756388
"fixed",NA,"PFAS_scaled:countyWood",-2.4601984943552,2.36353490291685,-1.04089789040943,109.999999998639,0.300205361377025,"PFDA","log_igy",111,0.993006019756388
"fixed",NA,"PFAS_scaled",0.392648246708519,0.568243430154731,0.690985985709684,109.999999997449,0.491029968047171,"PFDOA","log_igy",111,0.993006019756388
"fixed",NA,"PFAS_scaled:DNA_sexF",0.0882957493513178,0.211360025333683,0.417750467298259,109.999999997518,0.676943884190169,"PFDOA","log_igy",111,0.993006019756388
"fixed",NA,"PFAS_scaled:DNA_sexM",0.0376561123135645,0.217575745366437,0.173071278005481,109.999999996893,0.862913466067138,"PFDOA","log_igy",111,0.993006019756388
"fixed",NA,"PFAS_scaled:age",-0.00205725375875164,0.00448381868482702,-0.458817339272273,109.999999997136,0.647270637335076,"PFDOA","log_igy",111,0.993006019756388
"fixed",NA,"PFAS_scaled:countyASHLAND",-0.296142366969554,0.522291996735229,-0.567005370215698,109.999999997056,0.571865773547322,"PFDOA","log_igy",111,0.993006019756388
"fixed",NA,"PFAS_scaled:countyBAYFIELD",-0.457907239575389,0.521228906037167,-0.878514668453053,109.999999998259,0.381579430690333,"PFDOA","log_igy",111,0.993006019756388
"fixed",NA,"PFAS_scaled:countyBROWN",-0.257409831309636,0.531188976174358,-0.484591817329326,109.99999999742,0.628929460871718,"PFDOA","log_igy",111,0.993006019756388
"fixed",NA,"PFAS_scaled:countyColumbia",-0.347247541206562,4.6884239035707,-0.0740648773124158,109.999999997938,0.941093281172816,"PFDOA","log_igy",111,0.993006019756388
"fixed",NA,"PFAS_scaled:countyCrawford",-0.358022410645025,1.09718139160148,-0.326311048825251,109.999999997895,0.744809039727642,"PFDOA","log_igy",111,0.993006019756388
"fixed",NA,"PFAS_scaled:countyDane",-2.43781492287876,2.74824381354814,-0.887044632234213,109.999999997353,0.376990190536736,"PFDOA","log_igy",111,0.993006019756388
"fixed",NA,"PFAS_scaled:countyDOOR",-0.636260881001996,0.529152216184187,-1.20241560281121,109.999999996995,0.231784490324886,"PFDOA","log_igy",111,0.993006019756388
"fixed",NA,"PFAS_scaled:countyDOUGLAS",-0.577475728785285,0.560122999196938,-1.03098021258407,109.999999997666,0.304811622322958,"PFDOA","log_igy",111,0.993006019756388
"fixed",NA,"PFAS_scaled:countyGrant",-0.0826813063595198,2.4338785688566,-0.0339710071888928,109.999999997869,0.972961837028882,"PFDOA","log_igy",111,0.993006019756388
"fixed",NA,"PFAS_scaled:countyIowa",-0.395015493661494,0.969929338326451,-0.407262135552129,109.999999997492,0.684606915725759,"PFDOA","log_igy",111,0.993006019756388
"fixed",NA,"PFAS_scaled:countyJuneau",0.00613287119724279,0.741163540273551,0.00827465311499167,109.999999997187,0.99341284568364,"PFDOA","log_igy",111,0.996383798238199
"fixed",NA,"PFAS_scaled:countyKEWAUNEE",-62.9942136326516,20.7652319324391,-3.03363881692277,109.999999997503,0.00301497243653533,"PFDOA","log_igy",111,0.283850022473664
"fixed",NA,"PFAS_scaled:countyLincoln",-0.327307607774256,0.536225971111436,-0.610391188430962,109.999999997346,0.542861754119902,"PFDOA","log_igy",111,0.993006019756388
"fixed",NA,"PFAS_scaled:countyMANITOWOC",0.436204919989736,0.631816136488542,0.690398511209356,109.999999996794,0.491397787753351,"PFDOA","log_igy",111,0.993006019756388
"fixed",NA,"PFAS_scaled:countyOneida",-0.355218625857774,0.610514568023188,-0.581834807002152,109.999999997434,0.561868482267464,"PFDOA","log_igy",111,0.993006019756388
"fixed",NA,"PFAS_scaled:countyOUTAGAMIE",1.27062466358712,1.61465509620596,0.786932557035103,109.999999996904,0.433013531888417,"PFDOA","log_igy",111,0.993006019756388
"fixed",NA,"PFAS_scaled:countyPortage",-1.34547266271738,4.58471072867544,-0.29346947764927,109.999999996834,0.769716288500066,"PFDOA","log_igy",111,0.993006019756388
"fixed",NA,"PFAS_scaled:countyWINNEBAGO",0.314632853920363,1.0646066708987,0.295539059185833,109.999999997345,0.76813926558405,"PFDOA","log_igy",111,0.993006019756388
"fixed",NA,"PFAS_scaled:countyWood",-1.70168690240718,1.60401759464588,-1.06089042170567,109.999999997672,0.291063480425512,"PFDOA","log_igy",111,0.993006019756388
"fixed",NA,"PFAS_scaled",0.878803439462945,0.438397561053777,2.00458104135106,108.999999997379,0.0474871870901602,"PFDS","log_igy",110,0.993006019756388
"fixed",NA,"PFAS_scaled:DNA_sexF",-0.236504543436431,0.282535039273747,-0.837080399105059,108.99999999722,0.404378934156293,"PFDS","log_igy",110,0.993006019756388
"fixed",NA,"PFAS_scaled:DNA_sexM",-0.344155985657265,0.279159256509062,-1.23283028462319,108.999999997845,0.220291418316909,"PFDS","log_igy",110,0.993006019756388
"fixed",NA,"PFAS_scaled:age",-0.00775961649028717,0.00573154810782072,-1.35384303582816,108.999999998262,0.178586940971536,"PFDS","log_igy",110,0.993006019756388
"fixed",NA,"PFAS_scaled:countyASHLAND",-0.0281208153716073,0.361846568682883,-0.077714749303736,108.999999997762,0.938197441560378,"PFDS","log_igy",110,0.993006019756388
"fixed",NA,"PFAS_scaled:countyBAYFIELD",0.157259169233997,0.405012142332183,0.388282603895407,108.999999997672,0.698564232659306,"PFDS","log_igy",110,0.993006019756388
"fixed",NA,"PFAS_scaled:countyBROWN",-0.167884308818941,0.359375651133252,-0.467155491167908,108.999999998,0.641321144012893,"PFDS","log_igy",110,0.993006019756388
"fixed",NA,"PFAS_scaled:countyColumbia",1.52450773257292,12.9688194450452,0.117551774009419,108.999999998359,0.906639157056555,"PFDS","log_igy",110,0.993006019756388
"fixed",NA,"PFAS_scaled:countyCrawford",-0.190126544772242,0.335581775775771,-0.566558015055264,108.99999999826,0.57217925861794,"PFDS","log_igy",110,0.993006019756388
"fixed",NA,"PFAS_scaled:countyDane",-1.81141558755455,1.99364679991748,-0.908594033621969,108.999999998152,0.365569019006302,"PFDS","log_igy",110,0.993006019756388
"fixed",NA,"PFAS_scaled:countyDOOR",0.0322519271605564,0.449600355199033,0.0717346567626238,108.999999997862,0.942944533547493,"PFDS","log_igy",110,0.993006019756388
"fixed",NA,"PFAS_scaled:countyDOUGLAS",-0.269357406154165,0.404006085596901,-0.666716209871447,108.999999997767,0.506362250037697,"PFDS","log_igy",110,0.993006019756388
"fixed",NA,"PFAS_scaled:countyGrant",-0.212316425066654,0.343576645884027,-0.617959420729432,108.999999998372,0.537891115420783,"PFDS","log_igy",110,0.993006019756388
"fixed",NA,"PFAS_scaled:countyIowa",-0.125432747599125,0.346412511390865,-0.362090696711576,108.999999997972,0.717985302152763,"PFDS","log_igy",110,0.993006019756388
"fixed",NA,"PFAS_scaled:countyJuneau",0.409906401044023,1.18898997095229,0.344751773402864,108.999999998247,0.730945303612031,"PFDS","log_igy",110,0.993006019756388
"fixed",NA,"PFAS_scaled:countyKEWAUNEE",0.968479937201173,0.517971022788666,1.86975698367651,108.999999998472,0.0642010439769124,"PFDS","log_igy",110,0.993006019756388
"fixed",NA,"PFAS_scaled:countyLincoln",-0.213349412940694,0.343645399454494,-0.620841755132958,108.999999998003,0.535999810790179,"PFDS","log_igy",110,0.993006019756388
"fixed",NA,"PFAS_scaled:countyMANITOWOC",-0.432135155943175,0.457288329933091,-0.944994935703702,108.999999997588,0.34675153502588,"PFDS","log_igy",110,0.993006019756388
"fixed",NA,"PFAS_scaled:countyOneida",-0.0646566436204075,0.39149007649938,-0.165155255526662,108.999999997825,0.869127694593622,"PFDS","log_igy",110,0.993006019756388
"fixed",NA,"PFAS_scaled:countyOUTAGAMIE",0.20891860936111,0.548530386656756,0.380869710125724,108.99999999831,0.70404122862219,"PFDS","log_igy",110,0.993006019756388
"fixed",NA,"PFAS_scaled:countyPortage",-0.561639947979942,2.11293825880287,-0.265809919262928,108.999999998405,0.790887715762278,"PFDS","log_igy",110,0.993006019756388
"fixed",NA,"PFAS_scaled:countyWINNEBAGO",0.356467076214007,0.77685522375919,0.458859083793076,108.999999998105,0.647249046315669,"PFDS","log_igy",110,0.993006019756388
"fixed",NA,"PFAS_scaled:countyWood",-2.10364038052569,1.96621801948826,-1.06989172089532,108.999999998062,0.287031533943529,"PFDS","log_igy",110,0.993006019756388
"fixed",NA,"PFAS_scaled",0.024469928877726,0.813829023430468,0.0300676532456164,109.999999999101,0.976067583835686,"PFHPA","log_igy",111,0.993006019756388
"fixed",NA,"PFAS_scaled:DNA_sexF",0.272814123853692,0.643376553614234,0.42403491753178,109.999999998638,0.672368437663737,"PFHPA","log_igy",111,0.993006019756388
"fixed",NA,"PFAS_scaled:DNA_sexM",0.11598212117881,0.638161527014579,0.181744145124812,109.999999998955,0.856118005781175,"PFHPA","log_igy",111,0.993006019756388
"fixed",NA,"PFAS_scaled:age",-0.00843517301886241,0.0137164045869448,-0.614969685779825,109.999999998604,0.539844842187435,"PFHPA","log_igy",111,0.993006019756388
"fixed",NA,"PFAS_scaled:countyASHLAND",0.304758527214509,0.291233606697962,1.0464401092645,109.999999998591,0.297651872548164,"PFHPA","log_igy",111,0.993006019756388
"fixed",NA,"PFAS_scaled:countyBAYFIELD",0.367366928535323,0.77871702037913,0.471759212809378,109.999999997962,0.638033100748535,"PFHPA","log_igy",111,0.993006019756388
"fixed",NA,"PFAS_scaled:countyDOUGLAS",0.656550693010303,0.927865542859589,0.707592493398213,109.999999998678,0.480694865182115,"PFHPA","log_igy",111,0.993006019756388
"fixed",NA,"PFAS_scaled",0.651890411472908,0.43854491944451,1.48648492450588,110.000000000142,0.140011571099433,"PFHPS","log_igy",111,0.993006019756388
"fixed",NA,"PFAS_scaled:DNA_sexF",-0.0454541763642707,0.348991981947618,-0.130244185297911,109.999999999692,0.896611119912714,"PFHPS","log_igy",111,0.993006019756388
"fixed",NA,"PFAS_scaled:DNA_sexM",-0.425231897622339,0.334447642349309,-1.27144534383714,109.999999999937,0.206252087926405,"PFHPS","log_igy",111,0.993006019756388
"fixed",NA,"PFAS_scaled:age",-0.00190029134353116,0.00500565513644673,-0.379628898062698,109.99999999918,0.704952824954785,"PFHPS","log_igy",111,0.993006019756388
"fixed",NA,"PFAS_scaled:countyASHLAND",-0.230118574414829,0.301739862965159,-0.762638957125131,109.999999999414,0.447311074660116,"PFHPS","log_igy",111,0.993006019756388
"fixed",NA,"PFAS_scaled:countyBAYFIELD",-1.02562494243388,0.400887447877475,-2.5583862699222,109.999999999663,0.0118758699841463,"PFHPS","log_igy",111,0.481446101013656
"fixed",NA,"PFAS_scaled:countyBROWN",-0.417234506501568,0.391388378633274,-1.06603703451428,110.000000000346,0.288741152543199,"PFHPS","log_igy",111,0.993006019756388
"fixed",NA,"PFAS_scaled:countyColumbia",0.117646915351234,2.18351861374099,0.0538795110840256,109.999999999241,0.957128893287789,"PFHPS","log_igy",111,0.993006019756388
"fixed",NA,"PFAS_scaled:countyCrawford",-0.131968977489469,0.653593456940777,-0.201912941581707,110.000000000095,0.84035772460252,"PFHPS","log_igy",111,0.993006019756388
"fixed",NA,"PFAS_scaled:countyDane",-1.08381857795623,1.14134308914138,-0.94959928199292,110.000000000007,0.34439758392505,"PFHPS","log_igy",111,0.993006019756388
"fixed",NA,"PFAS_scaled:countyDOOR",0.0922671293995879,0.361258613991828,0.255404648708736,109.99999999927,0.798887529291558,"PFHPS","log_igy",111,0.993006019756388
"fixed",NA,"PFAS_scaled:countyDOUGLAS",-0.527012100820559,0.387892914017245,-1.35865359168981,110.000000000247,0.177035986773909,"PFHPS","log_igy",111,0.993006019756388
"fixed",NA,"PFAS_scaled:countyGrant",0.552209388552658,1.54726353266219,0.356894205088992,109.999999999595,0.721854737266095,"PFHPS","log_igy",111,0.993006019756388
"fixed",NA,"PFAS_scaled:countyIowa",0.0157223731392698,0.601976833641205,0.0261179039800737,109.999999999559,0.979210619823325,"PFHPS","log_igy",111,0.993006019756388
"fixed",NA,"PFAS_scaled:countyJuneau",-0.312136019728569,0.814187290248122,-0.383371275217827,110.000000000449,0.702184417339943,"PFHPS","log_igy",111,0.993006019756388
"fixed",NA,"PFAS_scaled:countyKEWAUNEE",1.5329646285693,0.543567347162553,2.82019263403412,109.999999999861,0.00569463859432121,"PFHPS","log_igy",111,0.319848867714374
"fixed",NA,"PFAS_scaled:countyLincoln",-0.0621522363029083,0.296248129750055,-0.209797902708605,109.999999999072,0.834213491026295,"PFHPS","log_igy",111,0.993006019756388
"fixed",NA,"PFAS_scaled:countyMANITOWOC",-0.0274062945609192,0.522134976868562,-0.0524889076102216,110.000000000425,0.958234336728468,"PFHPS","log_igy",111,0.993006019756388
"fixed",NA,"PFAS_scaled:countyOneida",-0.527980859041922,0.275110276847002,-1.91916080014543,110.000000000807,0.0575550438654043,"PFHPS","log_igy",111,0.993006019756388
"fixed",NA,"PFAS_scaled:countyOUTAGAMIE",0.55109070317192,0.647802070495606,0.850708462154657,109.999999999287,0.396779330500872,"PFHPS","log_igy",111,0.993006019756388
"fixed",NA,"PFAS_scaled:countyPortage",-1.05210920636977,3.93213254498476,-0.267567075711037,109.999999999855,0.789533622336239,"PFHPS","log_igy",111,0.993006019756388
"fixed",NA,"PFAS_scaled:countyWINNEBAGO",0.382875975122205,0.516813577294426,0.740839621758007,109.999999999567,0.460369222094001,"PFHPS","log_igy",111,0.993006019756388
"fixed",NA,"PFAS_scaled:countyWood",-3.48483732915279,3.33583069520504,-1.04466852414361,109.999999999622,0.298466497397128,"PFHPS","log_igy",111,0.993006019756388
"fixed",NA,"PFAS_scaled",-0.195244945499454,0.645266141194033,-0.30258049049058,110.000000000085,0.762781007440575,"PFHXA","log_igy",111,0.993006019756388
"fixed",NA,"PFAS_scaled:DNA_sexF",-0.000266277533400107,0.078951761019922,-0.00337266110293496,109.999999998971,0.997315119780737,"PFHXA","log_igy",111,0.998797014460946
"fixed",NA,"PFAS_scaled:age",0.000716680512901361,0.00414540250608564,0.172885627354459,110.000000000008,0.863059043468106,"PFHXA","log_igy",111,0.993006019756388
"fixed",NA,"PFAS_scaled:countyColumbia",0.113506293643228,2.18436966104789,0.0519629509909859,109.99999999938,0.958652460930092,"PFHXA","log_igy",111,0.993006019756388
"fixed",NA,"PFAS_scaled:countyCrawford",0.124665192954269,0.639584536981398,0.194915895782351,109.999999999685,0.845818345354965,"PFHXA","log_igy",111,0.993006019756388
"fixed",NA,"PFAS_scaled:countyGrant",0.425572766958668,0.702713823881705,0.60561319913682,109.999999999612,0.54601917092717,"PFHXA","log_igy",111,0.993006019756388
"fixed",NA,"PFAS_scaled:countyIowa",0.261893617510961,0.629049832630564,0.416332067708806,109.999999999601,0.677978243383817,"PFHXA","log_igy",111,0.993006019756388
"fixed",NA,"PFAS_scaled:countyJuneau",-0.12450818339736,0.670911666194695,-0.185580590815406,109.999999999683,0.853115446435092,"PFHXA","log_igy",111,0.993006019756388
"fixed",NA,"PFAS_scaled:countyLincoln",0.182278434777709,0.631664210478057,0.288568564997148,109.999999999281,0.773454629445079,"PFHXA","log_igy",111,0.993006019756388
"fixed",NA,"PFAS_scaled:countyOneida",0.108537794791796,0.645618602684034,0.168114416685907,109.999999999277,0.866801977394354,"PFHXA","log_igy",111,0.993006019756388
"fixed",NA,"PFAS_scaled:countyPortage",0.129989012734184,0.655505428863587,0.198303487675973,109.999999999361,0.843173652764433,"PFHXA","log_igy",111,0.993006019756388
"fixed",NA,"PFAS_scaled:countyWood",1.25925420515873,1.48212613447299,0.849626881187472,109.999999999674,0.39737795229934,"PFHXA","log_igy",111,0.993006019756388
"fixed",NA,"PFAS_scaled",0.624019113800592,0.92318033079937,0.675944983858421,109.999999998766,0.500494242468197,"PFHXS","log_igy",111,0.993006019756388
"fixed",NA,"PFAS_scaled:DNA_sexF",-0.144436849673161,0.141934269003205,-1.01763196927375,109.999999997608,0.311085906090112,"PFHXS","log_igy",111,0.993006019756388
"fixed",NA,"PFAS_scaled:DNA_sexM",-0.278959356497312,0.139087282452917,-2.00564243960797,109.999999999227,0.0473493216143862,"PFHXS","log_igy",111,0.993006019756388
"fixed",NA,"PFAS_scaled:age",0.00971646099302685,0.00628676355461515,1.54554261642208,109.999999998244,0.125087259954415,"PFHXS","log_igy",111,0.993006019756388
"fixed",NA,"PFAS_scaled:countyASHLAND",-0.714843238547904,0.896496098384269,-0.797374623086757,109.99999999798,0.426951345946732,"PFHXS","log_igy",111,0.993006019756388
"fixed",NA,"PFAS_scaled:countyBAYFIELD",-1.15550761588897,0.90624173022125,-1.27505452171891,109.999999998435,0.204976466391456,"PFHXS","log_igy",111,0.993006019756388
"fixed",NA,"PFAS_scaled:countyBROWN",-0.899313637336024,0.900355215674791,-0.998843147326041,109.999999997846,0.320062870941604,"PFHXS","log_igy",111,0.993006019756388
"fixed",NA,"PFAS_scaled:countyColumbia",11.6867653852758,22.7162202773974,0.514467866685734,109.999999997701,0.607957034553621,"PFHXS","log_igy",111,0.993006019756388
"fixed",NA,"PFAS_scaled:countyCrawford",-0.669439838820653,0.972034159803115,-0.688699910460192,109.999999998389,0.492462130415716,"PFHXS","log_igy",111,0.993006019756388
"fixed",NA,"PFAS_scaled:countyDane",-12.0488758546974,8.27975748151784,-1.45522086626245,109.999999999097,0.148456025707674,"PFHXS","log_igy",111,0.993006019756388
"fixed",NA,"PFAS_scaled:countyDOOR",-0.467620812684997,0.894360627375892,-0.522854873494403,109.999999998129,0.602126809347527,"PFHXS","log_igy",111,0.993006019756388
"fixed",NA,"PFAS_scaled:countyDOUGLAS",-1.07744747175411,0.909291322521528,-1.18493099523514,109.999999998354,0.23859845533303,"PFHXS","log_igy",111,0.993006019756388
"fixed",NA,"PFAS_scaled:countyGrant",-1.34523505926673,2.2696197610233,-0.59271384677238,109.99999999886,0.554589218699529,"PFHXS","log_igy",111,0.993006019756388
"fixed",NA,"PFAS_scaled:countyIowa",-0.838319129723647,0.931829616283096,-0.899648514143127,109.999999998249,0.370272586147832,"PFHXS","log_igy",111,0.993006019756388
"fixed",NA,"PFAS_scaled:countyJuneau",-4.3972250461514,2.42050070004852,-1.81665927469604,109.999999997852,0.0719922850501864,"PFHXS","log_igy",111,0.993006019756388
"fixed",NA,"PFAS_scaled:countyKEWAUNEE",6.45412665307296,2.37885062218498,2.71312817748296,109.999999997901,0.00773815606429475,"PFHXS","log_igy",111,0.401193629794974
"fixed",NA,"PFAS_scaled:countyLincoln",-0.50389859418328,0.982838415299532,-0.512697292188879,109.999999998667,0.609191103446869,"PFHXS","log_igy",111,0.993006019756388
"fixed",NA,"PFAS_scaled:countyMANITOWOC",-0.760990586461771,0.922569605547473,-0.824859806659447,109.999999997653,0.411236351094086,"PFHXS","log_igy",111,0.993006019756388
"fixed",NA,"PFAS_scaled:countyOneida",-0.786463598419305,0.898224187001395,-0.875576064194855,109.999999998436,0.38316845561576,"PFHXS","log_igy",111,0.993006019756388
"fixed",NA,"PFAS_scaled:countyOUTAGAMIE",-0.424731341392254,0.928499975337117,-0.457438182739901,109.999999998709,0.648258328082131,"PFHXS","log_igy",111,0.993006019756388
"fixed",NA,"PFAS_scaled:countyPortage",-2.05462018386653,4.54343359031352,-0.452217500932978,109.999999998053,0.652002822424833,"PFHXS","log_igy",111,0.993006019756388
"fixed",NA,"PFAS_scaled:countyWINNEBAGO",-0.683283509119692,0.920289752182876,-0.742465628351268,109.999999998283,0.459387817026673,"PFHXS","log_igy",111,0.993006019756388
"fixed",NA,"PFAS_scaled:countyWood",-5.36171646470129,5.40993294263445,-0.991087416712105,109.99999999827,0.323818006461101,"PFHXS","log_igy",111,0.993006019756388
"fixed",NA,"PFAS_scaled",2.23272161474647,6.65699870788592,0.335394629429862,109.999999999425,0.737966223138304,"PFNA","log_igy",111,0.993006019756388
"fixed",NA,"PFAS_scaled:DNA_sexF",0.110186926918603,0.0935476767555635,1.17786919718506,109.999999999565,0.241390765798751,"PFNA","log_igy",111,0.993006019756388
"fixed",NA,"PFAS_scaled:DNA_sexM",0.0918746880079323,0.0955778749496259,0.961254767971716,110.00000000005,0.338532344107434,"PFNA","log_igy",111,0.993006019756388
"fixed",NA,"PFAS_scaled:age",-0.00261411916332327,0.00463574173224973,-0.563905263560624,109.999999999197,0.573966499514986,"PFNA","log_igy",111,0.993006019756388
"fixed",NA,"PFAS_scaled:countyASHLAND",-2.12068698837389,6.65561561909185,-0.318631229587633,109.999999999189,0.750610374610635,"PFNA","log_igy",111,0.993006019756388
"fixed",NA,"PFAS_scaled:countyBAYFIELD",-2.33019363837592,6.65576309252609,-0.350101649650443,109.999999999773,0.726931881144685,"PFNA","log_igy",111,0.993006019756388
"fixed",NA,"PFAS_scaled:countyBROWN",-1.80099136084245,6.88232517826379,-0.261683561034062,109.99999999939,0.794054782246412,"PFNA","log_igy",111,0.993006019756388
"fixed",NA,"PFAS_scaled:countyColumbia",-1.77766020058118,22.6763009709978,-0.0783928649939313,109.999999999592,0.937657974817908,"PFNA","log_igy",111,0.993006019756388
"fixed",NA,"PFAS_scaled:countyCrawford",-2.32692088245783,8.04311732569521,-0.28930584849534,109.999999999122,0.772891897970772,"PFNA","log_igy",111,0.993006019756388
"fixed",NA,"PFAS_scaled:countyDane",-6.72081099744562,11.7568294539517,-0.571651653515026,109.99999999946,0.568724266558583,"PFNA","log_igy",111,0.993006019756388
"fixed",NA,"PFAS_scaled:countyDOOR",-1.91308175505587,6.66323098952922,-0.287110225964271,109.999999998969,0.774568061723491,"PFNA","log_igy",111,0.993006019756388
"fixed",NA,"PFAS_scaled:countyDOUGLAS",-2.24383519674002,6.65763721003965,-0.337031761561946,109.999999999438,0.736735160566316,"PFNA","log_igy",111,0.993006019756388
"fixed",NA,"PFAS_scaled:countyGrant",-12.5419462825894,25.5556008507921,-0.490770941204484,110.000000000326,0.624566097619737,"PFNA","log_igy",111,0.993006019756388
"fixed",NA,"PFAS_scaled:countyIowa",-26.5402437113486,29.0601213564564,-0.913287435582301,109.99999999969,0.363088804093794,"PFNA","log_igy",111,0.993006019756388
"fixed",NA,"PFAS_scaled:countyJuneau",-9.10099367537046,10.1252541570038,-0.898841010235297,109.999999999439,0.370700696060071,"PFNA","log_igy",111,0.993006019756388
"fixed",NA,"PFAS_scaled:countyKEWAUNEE",-78.1015264784644,24.284451725925,-3.21611240640392,109.999999999787,0.00170658131983068,"PFNA","log_igy",111,0.267954903038165
"fixed",NA,"PFAS_scaled:countyLincoln",-2.98227712173012,6.81546110846838,-0.437575253422629,109.999999999359,0.662552164003933,"PFNA","log_igy",111,0.993006019756388
"fixed",NA,"PFAS_scaled:countyMANITOWOC",-0.168576013876468,6.755401502247,-0.0249542553200421,109.999999999486,0.980136664638507,"PFNA","log_igy",111,0.993006019756388
"fixed",NA,"PFAS_scaled:countyOneida",-2.15613111392773,6.68690179137735,-0.322440972096828,109.999999999648,0.747730685061264,"PFNA","log_igy",111,0.993006019756388
"fixed",NA,"PFAS_scaled:countyOUTAGAMIE",15.8423211259697,18.0545302692353,0.877470689612172,110.000000000112,0.38214348323147,"PFNA","log_igy",111,0.993006019756388
"fixed",NA,"PFAS_scaled:countyPortage",9.17106868353632,57.9740762829622,0.158192579710521,109.999999999044,0.874595095940429,"PFNA","log_igy",111,0.993006019756388
"fixed",NA,"PFAS_scaled:countyWINNEBAGO",-0.490541093353944,6.77997084469849,-0.0723515048353809,109.999999998734,0.942453567824532,"PFNA","log_igy",111,0.993006019756388
"fixed",NA,"PFAS_scaled:countyWood",-14.3294493300017,15.038074237339,-0.952877948588804,109.999999999546,0.342741095743909,"PFNA","log_igy",111,0.993006019756388
"fixed",NA,"PFAS_scaled",0.908409490032399,0.719542312395515,1.2624823785666,109.999999998307,0.209445201551966,"PFNS","log_igy",111,0.993006019756388
"fixed",NA,"PFAS_scaled:DNA_sexF",-0.630077605181299,0.678139988330601,-0.929126162774122,109.999999999074,0.354858134499135,"PFNS","log_igy",111,0.993006019756388
"fixed",NA,"PFAS_scaled:DNA_sexM",-0.731992740440437,0.67869479054625,-1.07853007071307,109.999999999217,0.283156640590716,"PFNS","log_igy",111,0.993006019756388
"fixed",NA,"PFAS_scaled:age",-0.000960264713381379,0.00331335558028319,-0.289816378023426,109.999999999323,0.772502307310973,"PFNS","log_igy",111,0.993006019756388
"fixed",NA,"PFAS_scaled:countyASHLAND",0.167117116482486,0.357678628496933,0.467227010975633,109.999999998813,0.641261674974704,"PFNS","log_igy",111,0.993006019756388
"fixed",NA,"PFAS_scaled:countyBAYFIELD",0.206413207131709,0.383928610257447,0.53763434559695,109.999999998707,0.591915540054799,"PFNS","log_igy",111,0.993006019756388
"fixed",NA,"PFAS_scaled:countyBROWN",0.0639248477178077,0.316937717017495,0.201695299377319,109.999999998311,0.840527460661731,"PFNS","log_igy",111,0.993006019756388
"fixed",NA,"PFAS_scaled:countyColumbia",-2.70757127042457,5.63148218451082,-0.480791944591718,109.999999999225,0.631619276386535,"PFNS","log_igy",111,0.993006019756388
"fixed",NA,"PFAS_scaled:countyDOOR",0.0292449293911599,0.714913750582949,0.0409069336927891,109.999999998555,0.96744424593098,"PFNS","log_igy",111,0.993006019756388
"fixed",NA,"PFAS_scaled:countyDOUGLAS",-1.0697022120023,0.735045222158537,-1.45528762007459,109.999999997779,0.148437584379551,"PFNS","log_igy",111,0.993006019756388
"fixed",NA,"PFAS_scaled:countyGrant",-0.025688621645683,0.285422846858647,-0.0900019810201284,109.999999998565,0.928449315524975,"PFNS","log_igy",111,0.993006019756388
"fixed",NA,"PFAS_scaled:countyIowa",-0.204560408913983,0.267959341025782,-0.763400925419882,109.999999997964,0.446858537700701,"PFNS","log_igy",111,0.993006019756388
"fixed",NA,"PFAS_scaled:countyJuneau",0.0320077817204915,0.455874597606787,0.0702118123899059,109.999999998242,0.944152558386334,"PFNS","log_igy",111,0.993006019756388
"fixed",NA,"PFAS_scaled:countyKEWAUNEE",1.74796508133929,0.671694121589018,2.6023230294232,109.99999999877,0.0105347969844462,"PFNS","log_igy",111,0.473363544501117
"fixed",NA,"PFAS_scaled:countyLincoln",-0.146558832991761,0.24729365996391,-0.592650992399683,109.999999998486,0.554631140497301,"PFNS","log_igy",111,0.993006019756388
"fixed",NA,"PFAS_scaled:countyMANITOWOC",1.97296285567549,0.984117136299072,2.00480489862734,109.99999999911,0.0474402314218702,"PFNS","log_igy",111,0.993006019756388
"fixed",NA,"PFAS_scaled:countyOUTAGAMIE",1.48535116530333,1.5615094889797,0.951227754801456,109.999999999101,0.343574180598351,"PFNS","log_igy",111,0.993006019756388
"fixed",NA,"PFAS_scaled:countyPortage",-0.106123225746775,0.291869749843395,-0.363597891880594,109.999999999299,0.716856166379467,"PFNS","log_igy",111,0.993006019756388
"fixed",NA,"PFAS_scaled:countyWINNEBAGO",-0.162734889141549,1.85202520819664,-0.0878686145422434,109.999999998868,0.930140867519265,"PFNS","log_igy",111,0.993006019756388
"fixed",NA,"PFAS_scaled:countyWood",-0.55915488196705,0.445991989856427,-1.25373301468274,109.999999998848,0.212597077827325,"PFNS","log_igy",111,0.993006019756388
"fixed",NA,"PFAS_scaled",-0.801738371317615,3.16906008007526,-0.25298932524453,109.999999998856,0.800748646111382,"PFOA","log_igy",111,0.993006019756388
"fixed",NA,"PFAS_scaled:DNA_sexF",0.210911320016561,0.317229062359856,0.664854974029172,109.999999998154,0.50753474035167,"PFOA","log_igy",111,0.993006019756388
"fixed",NA,"PFAS_scaled:DNA_sexM",-0.0122861369238267,0.308312591352212,-0.0398496112985254,109.999999998877,0.968285259879362,"PFOA","log_igy",111,0.993006019756388
"fixed",NA,"PFAS_scaled:age",-0.0118273527338203,0.00869646120089672,-1.3600190307985,109.999999998929,0.176604768449062,"PFOA","log_igy",111,0.993006019756388
"fixed",NA,"PFAS_scaled:countyASHLAND",1.43006493489242,3.15454416578128,0.453334890791816,109.999999998938,0.651200630450454,"PFOA","log_igy",111,0.993006019756388
"fixed",NA,"PFAS_scaled:countyBAYFIELD",0.824733632683983,3.16907645485241,0.260244157701267,109.999999998999,0.79516196037836,"PFOA","log_igy",111,0.993006019756388
"fixed",NA,"PFAS_scaled:countyBROWN",-0.828748838609171,3.43113137755681,-0.241538066431981,109.999999998233,0.809587802550369,"PFOA","log_igy",111,0.993006019756388
"fixed",NA,"PFAS_scaled:countyCrawford",0.976935341119292,4.21274064182418,0.231900186643407,109.999999999525,0.817046404090171,"PFOA","log_igy",111,0.993006019756388
"fixed",NA,"PFAS_scaled:countyDOOR",-0.0798491259676939,3.21649851708256,-0.0248248601837128,109.999999999472,0.980239640456684,"PFOA","log_igy",111,0.993006019756388
"fixed",NA,"PFAS_scaled:countyDOUGLAS",3.71374157850594,3.70580389031787,1.00214196121085,109.999999999665,0.318474450022197,"PFOA","log_igy",111,0.993006019756388
"fixed",NA,"PFAS_scaled:countyIowa",1.3324184356636,3.45229088743517,0.385951960338284,109.999999999162,0.700277694557778,"PFOA","log_igy",111,0.993006019756388
"fixed",NA,"PFAS_scaled:countyJuneau",7.91740596477234,5.10488546124723,1.55094683805853,109.999999999132,0.123786848518722,"PFOA","log_igy",111,0.993006019756388
"fixed",NA,"PFAS_scaled:countyKEWAUNEE",-32.3246306621447,10.394950435895,-3.10964740635259,109.999999999362,0.00238535521992432,"PFOA","log_igy",111,0.267954903038165
"fixed",NA,"PFAS_scaled:countyLincoln",0.993967443394343,3.17404880028025,0.313154430173405,109.999999999632,0.754756319835002,"PFOA","log_igy",111,0.993006019756388
"fixed",NA,"PFAS_scaled:countyMANITOWOC",1.30871172608722,3.2518056488438,0.402456932366959,109.999999998319,0.688128797196597,"PFOA","log_igy",111,0.993006019756388
"fixed",NA,"PFAS_scaled:countyOneida",0.996065608721389,3.15172820527114,0.316037914391067,109.999999998625,0.752572616514892,"PFOA","log_igy",111,0.993006019756388
"fixed",NA,"PFAS_scaled:countyOUTAGAMIE",8.33186666698972,8.23859980839195,1.01132071720522,109.999999998959,0.31408234643132,"PFOA","log_igy",111,0.993006019756388
"fixed",NA,"PFAS_scaled:countyPortage",1.96318197062272,5.51965662780347,0.355671032276506,109.999999998896,0.722768097724968,"PFOA","log_igy",111,0.993006019756388
"fixed",NA,"PFAS_scaled:countyWINNEBAGO",6.16925812762345,4.80450839148028,1.28405606254393,109.999999999031,0.201820330883716,"PFOA","log_igy",111,0.993006019756388
"fixed",NA,"PFAS_scaled:countyWood",-8.1705994503851,10.0233370268233,-0.815157609538605,109.999999999057,0.416743550640456,"PFOA","log_igy",111,0.993006019756388
"fixed",NA,"PFAS_scaled",0.469320288675768,0.377331834085238,1.2437866256727,109.999999997775,0.216222185250169,"PFOS","log_igy",111,0.993006019756388
"fixed",NA,"PFAS_scaled:DNA_sexF",-0.0587646056902584,0.316649760771165,-0.185582346713744,109.999999998517,0.853114072687491,"PFOS","log_igy",111,0.993006019756388
"fixed",NA,"PFAS_scaled:DNA_sexM",-0.27190880465884,0.315942605251329,-0.860627215637914,109.999999998592,0.391315367251282,"PFOS","log_igy",111,0.993006019756388
"fixed",NA,"PFAS_scaled:age",-0.00159070878030626,0.00424916403850652,-0.374358053935089,109.999999998171,0.708858629167681,"PFOS","log_igy",111,0.993006019756388
"fixed",NA,"PFAS_scaled:countyASHLAND",-0.0376678570900687,0.287095421937837,-0.131203266272301,109.999999998504,0.895854175311666,"PFOS","log_igy",111,0.993006019756388
"fixed",NA,"PFAS_scaled:countyBAYFIELD",-0.610169385364381,0.288656549135751,-2.11382484544782,109.999999997803,0.0367903170415907,"PFOS","log_igy",111,0.993006019756388
"fixed",NA,"PFAS_scaled:countyBROWN",0.136786382973689,0.300529545577823,0.45515119889691,109.999999997596,0.649897547415675,"PFOS","log_igy",111,0.993006019756388
"fixed",NA,"PFAS_scaled:countyColumbia",-6.17945220114879,9.4009050274196,-0.657325245082808,109.999999997833,0.512344869629395,"PFOS","log_igy",111,0.993006019756388
"fixed",NA,"PFAS_scaled:countyCrawford",-0.112169884665754,0.543347854342315,-0.206442123161649,109.999999998491,0.83682719940175,"PFOS","log_igy",111,0.993006019756388
"fixed",NA,"PFAS_scaled:countyDane",-3.29884760149466,2.22712779387917,-1.48121163525547,109.999999998088,0.141409025995243,"PFOS","log_igy",111,0.993006019756388
"fixed",NA,"PFAS_scaled:countyDOOR",-0.152058801919691,0.268293504891065,-0.566762888954137,109.999999997585,0.572029952538149,"PFOS","log_igy",111,0.993006019756388
"fixed",NA,"PFAS_scaled:countyDOUGLAS",-0.484265381876137,0.570449918079698,-0.848918312594935,109.999999998909,0.397770422357868,"PFOS","log_igy",111,0.993006019756388
"fixed",NA,"PFAS_scaled:countyGrant",-0.0248339100135568,0.542686254037578,-0.045761081709354,109.999999998037,0.963583651699794,"PFOS","log_igy",111,0.993006019756388
"fixed",NA,"PFAS_scaled:countyIowa",0.151399779187012,0.55756253084874,0.271538654070865,109.999999998815,0.786485726730617,"PFOS","log_igy",111,0.993006019756388
"fixed",NA,"PFAS_scaled:countyJuneau",-0.274401195885673,0.362873788056917,-0.756189079831341,109.99999999877,0.451152257005725,"PFOS","log_igy",111,0.993006019756388
"fixed",NA,"PFAS_scaled:countyKEWAUNEE",1.70405486007596,0.647758795218015,2.63069351223928,109.999999998299,0.00974302694037734,"PFOS","log_igy",111,0.469057154129595
"fixed",NA,"PFAS_scaled:countyLincoln",-0.0913769974512325,0.227134064488605,-0.402304241140441,109.999999999019,0.688240822273141,"PFOS","log_igy",111,0.993006019756388
"fixed",NA,"PFAS_scaled:countyMANITOWOC",0.253945165659321,0.482944753006798,0.525826534149646,109.999999998398,0.600067206015663,"PFOS","log_igy",111,0.993006019756388
"fixed",NA,"PFAS_scaled:countyOneida",-0.330711291870506,0.215200715257828,-1.53675740098859,109.99999999892,0.127224247737667,"PFOS","log_igy",111,0.993006019756388
"fixed",NA,"PFAS_scaled:countyOUTAGAMIE",0.696106927419068,0.748936109693708,0.929461029330999,109.999999997636,0.354685418115899,"PFOS","log_igy",111,0.993006019756388
"fixed",NA,"PFAS_scaled:countyPortage",-0.298804297325626,0.724398975325157,-0.41248580893078,109.999999998342,0.68078619692583,"PFOS","log_igy",111,0.993006019756388
"fixed",NA,"PFAS_scaled:countyWINNEBAGO",-0.446684503099664,2.2143245819409,-0.201724944365715,109.999999997905,0.840504340514654,"PFOS","log_igy",111,0.993006019756388
"fixed",NA,"PFAS_scaled:countyWood",-2.61742245620534,2.71001146264691,-0.965834459478215,109.999999998175,0.336245656968649,"PFOS","log_igy",111,0.993006019756388
"fixed",NA,"PFAS_scaled",0.820728215912427,0.382770685483376,2.14417730259563,109.999999996504,0.0342203871311781,"PFPES","log_igy",111,0.993006019756388
"fixed",NA,"PFAS_scaled:DNA_sexF",-0.216193136590702,0.103481992691897,-2.08918605997844,109.999999997007,0.0389973990434316,"PFPES","log_igy",111,0.993006019756388
"fixed",NA,"PFAS_scaled:age",-0.0161207711517141,0.00754045253657057,-2.13790499622267,109.999999997682,0.0347383324318329,"PFPES","log_igy",111,0.993006019756388
"fixed",NA,"PFAS_scaled",0.0740061787705013,0.410263876594154,0.180386777858365,109.999999997883,0.857180845131265,"PFTEDA","log_igy",111,0.993006019756388
"fixed",NA,"PFAS_scaled:DNA_sexF",0.224417020647579,0.267551546367879,0.838780503025047,109.999999998061,0.403411566910352,"PFTEDA","log_igy",111,0.993006019756388
"fixed",NA,"PFAS_scaled:DNA_sexM",0.129730816960461,0.269884795038517,0.480689610327792,109.999999998479,0.631691784355535,"PFTEDA","log_igy",111,0.993006019756388
"fixed",NA,"PFAS_scaled:age",0.000476595238228628,0.00434725728307697,0.109631247288703,109.999999998586,0.912901583006507,"PFTEDA","log_igy",111,0.993006019756388
"fixed",NA,"PFAS_scaled:countyASHLAND",-0.182865800371625,0.327613654815563,-0.558175148330044,109.999999998225,0.577859124132322,"PFTEDA","log_igy",111,0.993006019756388
"fixed",NA,"PFAS_scaled:countyBAYFIELD",-0.490711780586793,0.336252845882076,-1.45935353885119,109.999999997944,0.147317678941021,"PFTEDA","log_igy",111,0.993006019756388
"fixed",NA,"PFAS_scaled:countyBROWN",-0.0361510309986233,0.384887998307375,-0.0939261061857085,109.999999998594,0.925338727521489,"PFTEDA","log_igy",111,0.993006019756388
"fixed",NA,"PFAS_scaled:countyColumbia",0.0605435482646157,7.33269324152937,0.00825665908423959,109.999999999048,0.99342716975678,"PFTEDA","log_igy",111,0.996383798238199
"fixed",NA,"PFAS_scaled:countyCrawford",-0.194725999401933,0.714562998877125,-0.272510610971921,109.999999998496,0.785740323830579,"PFTEDA","log_igy",111,0.993006019756388
"fixed",NA,"PFAS_scaled:countyDane",-4.44972897188806,5.03808688303402,-0.883217990319445,109.999999998415,0.379044694871556,"PFTEDA","log_igy",111,0.993006019756388
"fixed",NA,"PFAS_scaled:countyDOOR",-0.587109996685886,0.358628028432936,-1.63710014315202,109.999999998797,0.104467354164451,"PFTEDA","log_igy",111,0.993006019756388
"fixed",NA,"PFAS_scaled:countyDOUGLAS",-0.45546348608591,0.433206355472888,-1.05137766408973,109.999999998905,0.295389400341638,"PFTEDA","log_igy",111,0.993006019756388
"fixed",NA,"PFAS_scaled:countyGrant",-4.3167505339864,3.88157968143413,-1.11211179165888,109.999999998583,0.268514729733587,"PFTEDA","log_igy",111,0.993006019756388
"fixed",NA,"PFAS_scaled:countyIowa",-0.320142954269988,0.697345124546589,-0.459088252001681,109.999999997837,0.647076695551005,"PFTEDA","log_igy",111,0.993006019756388
"fixed",NA,"PFAS_scaled:countyJuneau",-0.159069725347525,0.384275589631291,-0.413946994395742,109.999999998459,0.679718930415446,"PFTEDA","log_igy",111,0.993006019756388
"fixed",NA,"PFAS_scaled:countyKEWAUNEE",9.17395554701853,3.18029984605423,2.88461968716585,109.999999998697,0.00471620083000899,"PFTEDA","log_igy",111,0.317871935942606
"fixed",NA,"PFAS_scaled:countyLincoln",-0.153028425483781,0.303098617890533,-0.504879984438096,109.999999998753,0.614653120397659,"PFTEDA","log_igy",111,0.993006019756388
"fixed",NA,"PFAS_scaled:countyMANITOWOC",0.174508248556693,0.447115850456947,0.3902976116332,109.999999998454,0.697071265857104,"PFTEDA","log_igy",111,0.993006019756388
"fixed",NA,"PFAS_scaled:countyOneida",-0.229690306072358,0.497635940728304,-0.461562936423362,109.999999998721,0.64530623719796,"PFTEDA","log_igy",111,0.993006019756388
"fixed",NA,"PFAS_scaled:countyOUTAGAMIE",0.609493124282534,0.802929329151542,0.759086886172894,109.999999999403,0.449424150948844,"PFTEDA","log_igy",111,0.993006019756388
"fixed",NA,"PFAS_scaled:countyPortage",-1.66206749050152,7.06491156052382,-0.235256659090902,109.999999998017,0.814446939622587,"PFTEDA","log_igy",111,0.993006019756388
"fixed",NA,"PFAS_scaled:countyWINNEBAGO",0.26698532370001,0.542205839416988,0.492405843483886,109.999999997874,0.62341383833179,"PFTEDA","log_igy",111,0.993006019756388
"fixed",NA,"PFAS_scaled:countyWood",-1.218817614367,1.0628892459254,-1.14670236719334,109.999999997945,0.253992848109572,"PFTEDA","log_igy",111,0.993006019756388
"fixed",NA,"PFAS_scaled",1.33731127094889,1.23052768667107,1.08677869294164,109.999999998864,0.279510339620126,"PFTRDA","log_igy",111,0.993006019756388
"fixed",NA,"PFAS_scaled:DNA_sexF",0.13670150230791,0.141868382830789,0.963579760198993,109.999999998723,0.337370189706595,"PFTRDA","log_igy",111,0.993006019756388
"fixed",NA,"PFAS_scaled:DNA_sexM",0.0750633237752581,0.143843034158978,0.521841910622496,109.999999999744,0.602829612670975,"PFTRDA","log_igy",111,0.993006019756388
"fixed",NA,"PFAS_scaled:age",-0.010988080870226,0.00570577970583492,-1.92578077611185,109.999999998821,0.0567131250315633,"PFTRDA","log_igy",111,0.993006019756388
"fixed",NA,"PFAS_scaled:countyASHLAND",-0.831652916408925,1.20934332574075,-0.687689673153419,109.999999998695,0.493095738503571,"PFTRDA","log_igy",111,0.993006019756388
"fixed",NA,"PFAS_scaled:countyBAYFIELD",-0.964398263827087,1.20820786724738,-0.79820558197841,109.999999998683,0.42647109240878,"PFTRDA","log_igy",111,0.993006019756388
"fixed",NA,"PFAS_scaled:countyBROWN",-0.915190361176748,1.24339806676694,-0.736039716996189,109.999999998832,0.463273213404596,"PFTRDA","log_igy",111,0.993006019756388
"fixed",NA,"PFAS_scaled:countyColumbia",2.71827938005783,21.0985362440694,0.128837344383164,109.999999999092,0.897721626769486,"PFTRDA","log_igy",111,0.993006019756388
"fixed",NA,"PFAS_scaled:countyCrawford",-1.52822361552579,2.10127194081633,-0.727285024770325,109.999999999294,0.468596448348753,"PFTRDA","log_igy",111,0.993006019756388
"fixed",NA,"PFAS_scaled:countyDane",-5.05430038378733,5.07164511051954,-0.996580059062842,109.999999998716,0.321155608727174,"PFTRDA","log_igy",111,0.993006019756388
"fixed",NA,"PFAS_scaled:countyDOOR",-1.11035365329465,1.2121221875389,-0.916041026811924,109.999999998987,0.361649253679769,"PFTRDA","log_igy",111,0.993006019756388
"fixed",NA,"PFAS_scaled:countyDOUGLAS",-0.938514896275786,1.2205443347913,-0.768931426351065,109.999999998965,0.443581867383782,"PFTRDA","log_igy",111,0.993006019756388
"fixed",NA,"PFAS_scaled:countyGrant",-2.4415367542887,3.82915245650439,-0.637618058309845,109.99999999815,0.525047343409043,"PFTRDA","log_igy",111,0.993006019756388
"fixed",NA,"PFAS_scaled:countyIowa",-1.13112251740437,2.54157591214511,-0.445047701309732,109.999999998028,0.657159818554472,"PFTRDA","log_igy",111,0.993006019756388
"fixed",NA,"PFAS_scaled:countyJuneau",-0.376991068896744,1.66269346795675,-0.226735159644321,109.999999999297,0.821050505679442,"PFTRDA","log_igy",111,0.993006019756388
"fixed",NA,"PFAS_scaled:countyKEWAUNEE",1.23223333752287,1.39313996071338,0.884500748145856,109.9999999993,0.378355211953484,"PFTRDA","log_igy",111,0.993006019756388
"fixed",NA,"PFAS_scaled:countyLincoln",-1.07752414703162,1.2985673807128,-0.82977915742821,109.999999998888,0.408460819614609,"PFTRDA","log_igy",111,0.993006019756388
"fixed",NA,"PFAS_scaled:countyMANITOWOC",-0.372809848369347,1.25209827761282,-0.297748072204144,109.999999998526,0.766457068644262,"PFTRDA","log_igy",111,0.993006019756388
"fixed",NA,"PFAS_scaled:countyOneida",-1.25367196419588,1.74217922354216,-0.719599882293938,109.999999998697,0.473297501156241,"PFTRDA","log_igy",111,0.993006019756388
"fixed",NA,"PFAS_scaled:countyOUTAGAMIE",1.65516204376349,3.46916160569155,0.477107218368845,109.999999999216,0.63423231355675,"PFTRDA","log_igy",111,0.993006019756388
"fixed",NA,"PFAS_scaled:countyPortage",-11.4980249869618,69.1564281997615,-0.166261116808248,109.999999999603,0.868256681392751,"PFTRDA","log_igy",111,0.993006019756388
"fixed",NA,"PFAS_scaled:countyWINNEBAGO",2.22867551296148,2.95116502540947,0.755184984157995,109.999999999386,0.451751937294439,"PFTRDA","log_igy",111,0.993006019756388
"fixed",NA,"PFAS_scaled:countyWood",-4.35149820806779,3.68359999440391,-1.18131670503815,109.999999998597,0.2400246843044,"PFTRDA","log_igy",111,0.993006019756388
"fixed",NA,"PFAS_scaled",0.987148669199124,1.81028116727344,0.545301297414436,109.999999998267,0.586650315666226,"PFUNDA","log_igy",111,0.993006019756388
"fixed",NA,"PFAS_scaled:DNA_sexF",0.218693101150887,0.10737406845641,2.03674038149787,109.999999998554,0.044077415201318,"PFUNDA","log_igy",111,0.993006019756388
"fixed",NA,"PFAS_scaled:DNA_sexM",0.212978087958499,0.112309695658867,1.89634640810893,109.999999999217,0.0605376648751259,"PFUNDA","log_igy",111,0.993006019756388
"fixed",NA,"PFAS_scaled:age",-0.00310508430120739,0.0045479785503165,-0.682739433982445,109.999999999165,0.49620685536315,"PFUNDA","log_igy",111,0.993006019756388
"fixed",NA,"PFAS_scaled:countyASHLAND",-0.961158717161016,1.79999641509109,-0.53397812856887,109.999999998706,0.59443414247638,"PFUNDA","log_igy",111,0.993006019756388
"fixed",NA,"PFAS_scaled:countyBAYFIELD",-1.13416312979947,1.8001838895184,-0.630026263651817,109.999999999031,0.52998396127937,"PFUNDA","log_igy",111,0.993006019756388
"fixed",NA,"PFAS_scaled:countyBROWN",-0.120174376566523,1.83639242373388,-0.0654404663259152,109.9999999989,0.947942089908983,"PFUNDA","log_igy",111,0.993006019756388
"fixed",NA,"PFAS_scaled:countyColumbia",-0.354489292980726,11.2160956404391,-0.0316054092569104,109.999999998364,0.974844004672169,"PFUNDA","log_igy",111,0.993006019756388
"fixed",NA,"PFAS_scaled:countyCrawford",-0.871013733225913,3.65648232506466,-0.23821084194917,109.999999999035,0.812160744960294,"PFUNDA","log_igy",111,0.993006019756388
"fixed",NA,"PFAS_scaled:countyDane",-3.97040363730739,4.55778661314855,-0.871125389208296,109.999999998978,0.385582930638279,"PFUNDA","log_igy",111,0.993006019756388
"fixed",NA,"PFAS_scaled:countyDOOR",-0.454750678341717,1.81208993073023,-0.250953703030877,109.999999998898,0.802318077132194,"PFUNDA","log_igy",111,0.993006019756388
"fixed",NA,"PFAS_scaled:countyDOUGLAS",-1.10316062190398,1.80520598288732,-0.611099582187037,109.999999998988,0.542394415569682,"PFUNDA","log_igy",111,0.993006019756388
"fixed",NA,"PFAS_scaled:countyGrant",-2.07266625785039,6.61438047730127,-0.313357579740568,109.999999998448,0.754602406481014,"PFUNDA","log_igy",111,0.993006019756388
"fixed",NA,"PFAS_scaled:countyIowa",-1.17681734131209,2.37574610837481,-0.495346424924641,109.999999998202,0.621343703513147,"PFUNDA","log_igy",111,0.993006019756388
"fixed",NA,"PFAS_scaled:countyJuneau",2.08554380370009,3.4429733988661,0.605739156854056,109.999999998922,0.545935816570015,"PFUNDA","log_igy",111,0.993006019756388
"fixed",NA,"PFAS_scaled:countyKEWAUNEE",15.3939569447715,5.2760832227123,2.91768652899639,109.99999999844,0.004276301399656,"PFUNDA","log_igy",111,0.317871935942606
"fixed",NA,"PFAS_scaled:countyLincoln",-1.29735283467821,1.88878667143178,-0.686871023764034,109.999999998793,0.493609509619674,"PFUNDA","log_igy",111,0.993006019756388
"fixed",NA,"PFAS_scaled:countyMANITOWOC",-0.401870808654643,1.84823270929388,-0.217435178283463,109.999999998586,0.82827202506981,"PFUNDA","log_igy",111,0.993006019756388
"fixed",NA,"PFAS_scaled:countyOneida",-1.10407052941082,1.94214358775787,-0.568480382382761,109.999999999047,0.570867563133523,"PFUNDA","log_igy",111,0.993006019756388
"fixed",NA,"PFAS_scaled:countyOUTAGAMIE",8.70007060900972,8.66795642932752,1.00370493090777,109.999999997854,0.317723690505697,"PFUNDA","log_igy",111,0.993006019756388
"fixed",NA,"PFAS_scaled:countyPortage",-3.74007677207155,12.1694272049764,-0.307333838238674,109.999999999045,0.759170378722395,"PFUNDA","log_igy",111,0.993006019756388
"fixed",NA,"PFAS_scaled:countyWINNEBAGO",1.58866396500315,3.94262193969143,0.402946057041292,109.999999998871,0.687769987471243,"PFUNDA","log_igy",111,0.993006019756388
"fixed",NA,"PFAS_scaled:countyWood",-5.62174366800664,5.27204405965989,-1.0663309343377,109.999999998735,0.288608918026039,"PFUNDA","log_igy",111,0.993006019756388
"fixed",NA,"PFAS_scaled",0.127363954588802,0.292013382884064,0.436157936772947,109.999999998382,0.663576957373464,"TOTAL_PFAS","log_igy",111,0.993006019756388
"fixed",NA,"PFAS_scaled:DNA_sexF",0.289069683867892,0.160641798433471,1.79946742807171,109.999999997175,0.0746862842261457,"TOTAL_PFAS","log_igy",111,0.993006019756388
"fixed",NA,"PFAS_scaled:DNA_sexM",0.136908404016512,0.161334206032575,0.848601219687219,109.999999998285,0.397946134078506,"TOTAL_PFAS","log_igy",111,0.993006019756388
"fixed",NA,"PFAS_scaled:age",-0.00368113128528228,0.00428420591088966,-0.859233043847292,109.999999997535,0.392080568651359,"TOTAL_PFAS","log_igy",111,0.993006019756388
"fixed",NA,"PFAS_scaled:countyASHLAND",-0.0522099631794898,0.244482669544875,-0.213552818597257,109.999999997652,0.831291109195271,"TOTAL_PFAS","log_igy",111,0.993006019756388
"fixed",NA,"PFAS_scaled:countyBAYFIELD",-0.316382076273233,0.247893989225812,-1.27627974063152,109.999999998028,0.204544751826899,"TOTAL_PFAS","log_igy",111,0.993006019756388
"fixed",NA,"PFAS_scaled:countyBROWN",0.165757242429926,0.293935963911595,0.563922972283106,109.999999997593,0.573954489033613,"TOTAL_PFAS","log_igy",111,0.993006019756388
"fixed",NA,"PFAS_scaled:countyColumbia",-0.927082914302371,7.39710410258215,-0.125330521437268,109.999999997739,0.900490659187212,"TOTAL_PFAS","log_igy",111,0.993006019756388
"fixed",NA,"PFAS_scaled:countyCrawford",-0.131710680688856,0.564005604566322,-0.233527255088417,109.999999997359,0.815786042739976,"TOTAL_PFAS","log_igy",111,0.993006019756388
"fixed",NA,"PFAS_scaled:countyDane",-3.00619205599936,2.01673192521373,-1.49062551071619,109.999999997814,0.138921857305935,"TOTAL_PFAS","log_igy",111,0.993006019756388
"fixed",NA,"PFAS_scaled:countyDOOR",-0.116281278029743,0.257481172903291,-0.451610798252104,109.999999997327,0.652438555057392,"TOTAL_PFAS","log_igy",111,0.993006019756388
"fixed",NA,"PFAS_scaled:countyDOUGLAS",-0.283419050609248,0.313828237204201,-0.903102452265421,109.999999997799,0.368444946238681,"TOTAL_PFAS","log_igy",111,0.993006019756388
"fixed",NA,"PFAS_scaled:countyGrant",0.026047615448638,0.630376762941394,0.0413207100577399,109.999999997396,0.967115130434998,"TOTAL_PFAS","log_igy",111,0.993006019756388
"fixed",NA,"PFAS_scaled:countyIowa",0.251213925859782,0.688744678311417,0.364741730528763,109.999999997993,0.716004488239508,"TOTAL_PFAS","log_igy",111,0.993006019756388
"fixed",NA,"PFAS_scaled:countyJuneau",-0.0595846914878335,0.384516580541872,-0.154960005635817,109.999999997439,0.877136828970613,"TOTAL_PFAS","log_igy",111,0.993006019756388
"fixed",NA,"PFAS_scaled:countyKEWAUNEE",1.87796772105724,0.736411024965187,2.55016241934458,109.999999998753,0.0121432992837272,"TOTAL_PFAS","log_igy",111,0.481446101013656
"fixed",NA,"PFAS_scaled:countyLincoln",-0.103631923002456,0.236537741656934,-0.438120032247371,109.999999998232,0.662158430880679,"TOTAL_PFAS","log_igy",111,0.993006019756388
"fixed",NA,"PFAS_scaled:countyMANITOWOC",0.491000113403414,0.372510433092446,1.31808419250787,109.999999997984,0.190213700395331,"TOTAL_PFAS","log_igy",111,0.993006019756388
"fixed",NA,"PFAS_scaled:countyOneida",-0.270051306123163,0.223249021197717,-1.20964161309355,109.999999997587,0.229009715346556,"TOTAL_PFAS","log_igy",111,0.993006019756388
"fixed",NA,"PFAS_scaled:countyOUTAGAMIE",0.741108256073651,0.812497629736148,0.912135899170955,109.999999997612,0.363691892599436,"TOTAL_PFAS","log_igy",111,0.993006019756388
"fixed",NA,"PFAS_scaled:countyPortage",-0.328842000492543,0.895024451324699,-0.367411191957754,109.999999998081,0.714018258071265,"TOTAL_PFAS","log_igy",111,0.993006019756388
"fixed",NA,"PFAS_scaled:countyWINNEBAGO",1.16908700749147,1.53677621518605,0.760739915115051,109.999999998557,0.44844007450969,"TOTAL_PFAS","log_igy",111,0.993006019756388
"fixed",NA,"PFAS_scaled:countyWood",-1.93509641074452,2.03905476897966,-0.949016397295122,109.999999997923,0.344692617389716,"TOTAL_PFAS","log_igy",111,0.993006019756388
"fixed",NA,"PFAS_scaled",49.631680207352,76.4908735964197,0.648857541740445,109.999999996316,0.517782844809996,"PFBA","log_clysis",111,0.993006019756388
"fixed",NA,"PFAS_scaled:DNA_sexF",-2.00508801796082,1.22071364424459,-1.64255394982631,109.999999996025,0.103330993827688,"PFBA","log_clysis",111,0.993006019756388
"fixed",NA,"PFAS_scaled:DNA_sexM",-0.448660152911546,1.23902685491746,-0.362106883422986,109.999999996488,0.717966875781487,"PFBA","log_clysis",111,0.993006019756388
"fixed",NA,"PFAS_scaled:age",-0.127623910419802,0.0525064824648712,-2.43063150355173,109.999999995344,0.0166889633507542,"PFBA","log_clysis",111,0.624908961022685
"fixed",NA,"PFAS_scaled:countyASHLAND",-42.8386649159609,76.2740792310182,-0.561641193808601,109.999999995837,0.575503039180378,"PFBA","log_clysis",111,0.993006019756388
"fixed",NA,"PFAS_scaled:countyBAYFIELD",-43.794308846664,76.2599591153745,-0.574276584392173,109.999999996268,0.56695316652949,"PFBA","log_clysis",111,0.993006019756388
"fixed",NA,"PFAS_scaled:countyBROWN",-43.1193147000796,76.2532892322336,-0.565474816027376,109.999999995977,0.572902460242352,"PFBA","log_clysis",111,0.993006019756388
"fixed",NA,"PFAS_scaled:countyColumbia",-38.6821528936566,82.203595933327,-0.470565216210621,109.999999996817,0.63888298846349,"PFBA","log_clysis",111,0.993006019756388
"fixed",NA,"PFAS_scaled:countyCrawford",-43.1752915887177,76.4326374992948,-0.564880305080616,109.999999995874,0.573305382585768,"PFBA","log_clysis",111,0.993006019756388
"fixed",NA,"PFAS_scaled:countyDane",-44.8276679845746,90.9219055788719,-0.49303484896374,109.999999996073,0.622970771467519,"PFBA","log_clysis",111,0.993006019756388
"fixed",NA,"PFAS_scaled:countyDOUGLAS",-39.3148479604603,76.2144312342728,-0.515845192619909,109.999999996045,0.606997837146585,"PFBA","log_clysis",111,0.993006019756388
"fixed",NA,"PFAS_scaled:countyGrant",-43.5184307057526,76.5737045798742,-0.568320821677871,109.999999995976,0.570975504820741,"PFBA","log_clysis",111,0.993006019756388
"fixed",NA,"PFAS_scaled:countyIowa",-43.7141116499056,76.3024636412557,-0.572905638478886,109.999999995971,0.567877840319161,"PFBA","log_clysis",111,0.993006019756388
"fixed",NA,"PFAS_scaled:countyJuneau",-45.3500790651655,76.7937513640679,-0.590543869255292,109.999999995828,0.556037430627569,"PFBA","log_clysis",111,0.993006019756388
"fixed",NA,"PFAS_scaled:countyKEWAUNEE",-46.4814704531816,76.4078641812965,-0.608333591721564,109.999999996526,0.544220335306315,"PFBA","log_clysis",111,0.993006019756388
"fixed",NA,"PFAS_scaled:countyLincoln",-43.9796701680405,76.2806902412978,-0.576550500905539,109.999999995859,0.565421073139727,"PFBA","log_clysis",111,0.993006019756388
"fixed",NA,"PFAS_scaled:countyMANITOWOC",-42.6824303618292,76.257767633439,-0.559712560260064,109.99999999548,0.576813482659866,"PFBA","log_clysis",111,0.993006019756388
"fixed",NA,"PFAS_scaled:countyOneida",-43.4302142233986,76.3116612937238,-0.56911635112012,109.999999996369,0.570437432679826,"PFBA","log_clysis",111,0.993006019756388
"fixed",NA,"PFAS_scaled:countyOUTAGAMIE",-44.015913144003,76.2748680207739,-0.577069672962462,109.999999996044,0.565071554326066,"PFBA","log_clysis",111,0.993006019756388
"fixed",NA,"PFAS_scaled:countyPortage",-49.7845510546219,91.6662296661845,-0.543106782464157,109.99999999517,0.588155134408401,"PFBA","log_clysis",111,0.993006019756388
"fixed",NA,"PFAS_scaled:countyWood",-58.1631684466187,83.5918881822971,-0.695799194292352,109.999999996334,0.488022056727433,"PFBA","log_clysis",111,0.993006019756388
"fixed",NA,"PFAS_scaled",0.173532436341778,0.520637113539195,0.333307848843384,109.999999998187,0.739536392370423,"PFBS","log_clysis",111,0.993006019756388
"fixed",NA,"PFAS_scaled",-1.62984029760066,8.59706163994659,-0.189581087801853,109.99999999782,0.849986790441701,"PFDA","log_clysis",111,0.993006019756388
"fixed",NA,"PFAS_scaled:DNA_sexF",0.612381917990279,1.02378698176733,0.598153648069585,109.999999998697,0.550967013070745,"PFDA","log_clysis",111,0.993006019756388
"fixed",NA,"PFAS_scaled:DNA_sexM",-0.202234238259993,1.07748820413614,-0.187690442905713,109.999999998086,0.851465105886671,"PFDA","log_clysis",111,0.993006019756388
"fixed",NA,"PFAS_scaled:age",0.00347250393528596,0.0477163723665635,0.0727738460210202,109.999999998201,0.942118245280255,"PFDA","log_clysis",111,0.993006019756388
"fixed",NA,"PFAS_scaled:countyASHLAND",0.628865599914371,8.42690248966014,0.0746259495331758,109.99999999754,0.940647870419667,"PFDA","log_clysis",111,0.993006019756388
"fixed",NA,"PFAS_scaled:countyBAYFIELD",-1.1505899790897,8.43019760707678,-0.136484342683003,109.999999998744,0.891687881072665,"PFDA","log_clysis",111,0.993006019756388
"fixed",NA,"PFAS_scaled:countyBROWN",5.41055035601717,8.85098763349998,0.611293403635416,109.999999998699,0.542266583934283,"PFDA","log_clysis",111,0.993006019756388
"fixed",NA,"PFAS_scaled:countyColumbia",23.3465052279927,113.64255948012,0.205438044820495,109.99999999803,0.837609600031325,"PFDA","log_clysis",111,0.993006019756388
"fixed",NA,"PFAS_scaled:countyCrawford",2.62381884885956,20.5887458182482,0.127439469699705,109.999999997849,0.898825257191598,"PFDA","log_clysis",111,0.993006019756388
"fixed",NA,"PFAS_scaled:countyDane",-4.39799300954813,25.4204477851372,-0.173010052644295,109.999999999027,0.862961475229168,"PFDA","log_clysis",111,0.993006019756388
"fixed",NA,"PFAS_scaled:countyDOOR",1.03072647094526,8.48831336528324,0.121428890120961,109.999999998171,0.9035728792453,"PFDA","log_clysis",111,0.993006019756388
"fixed",NA,"PFAS_scaled:countyDOUGLAS",0.400886387192266,8.55246268160507,0.0468737955506671,109.999999997841,0.962698808265877,"PFDA","log_clysis",111,0.993006019756388
"fixed",NA,"PFAS_scaled:countyGrant",-4.96145429852091,33.3974702454113,-0.148557787822346,109.999999997469,0.882174580626079,"PFDA","log_clysis",111,0.993006019756388
"fixed",NA,"PFAS_scaled:countyIowa",2.41926365432916,13.3123740071978,0.181730445149836,109.999999997838,0.856128731753364,"PFDA","log_clysis",111,0.993006019756388
"fixed",NA,"PFAS_scaled:countyJuneau",-1.59917676011288,17.5304040630019,-0.0912230405166735,109.999999998432,0.92748128113848,"PFDA","log_clysis",111,0.993006019756388
"fixed",NA,"PFAS_scaled:countyKEWAUNEE",-40.6547976180355,109.020223829979,-0.372910604929946,109.999999997959,0.709932583388954,"PFDA","log_clysis",111,0.993006019756388
"fixed",NA,"PFAS_scaled:countyLincoln",3.64216667310395,9.6174067956802,0.378705689639736,109.99999999788,0.705636375697511,"PFDA","log_clysis",111,0.993006019756388
"fixed",NA,"PFAS_scaled:countyMANITOWOC",1.46099533821994,8.5895191383773,0.170090468940493,109.999999998103,0.865251425524814,"PFDA","log_clysis",111,0.993006019756388
"fixed",NA,"PFAS_scaled:countyOneida",1.12306030357848,8.77852398936299,0.12793270314455,109.999999998314,0.898435823677364,"PFDA","log_clysis",111,0.993006019756388
"fixed",NA,"PFAS_scaled:countyOUTAGAMIE",10.6700728770284,50.3159939892905,0.212061255896076,109.999999998686,0.832451684298302,"PFDA","log_clysis",111,0.993006019756388
"fixed",NA,"PFAS_scaled:countyPortage",-5.73256073887095,53.3099434636714,-0.107532673389111,109.999999998012,0.914562293458104,"PFDA","log_clysis",111,0.993006019756388
"fixed",NA,"PFAS_scaled:countyWINNEBAGO",8.64364733828685,27.7035292913871,0.312005277283357,109.999999998252,0.755627144726434,"PFDA","log_clysis",111,0.993006019756388
"fixed",NA,"PFAS_scaled:countyWood",11.6905468079247,23.4106916443701,0.499367852326402,109.999999998762,0.618517579868796,"PFDA","log_clysis",111,0.993006019756388
"fixed",NA,"PFAS_scaled",-0.924055418440307,5.37367464053084,-0.171959688714802,109.999999999578,0.863785185760567,"PFDOA","log_clysis",111,0.993006019756388
"fixed",NA,"PFAS_scaled:DNA_sexF",-0.574709490175483,1.99690131725482,-0.287800646536478,110.000000000065,0.774040871408039,"PFDOA","log_clysis",111,0.993006019756388
"fixed",NA,"PFAS_scaled:DNA_sexM",-1.46230413916517,2.05472140155644,-0.711680005891545,110.000000000063,0.478169536535592,"PFDOA","log_clysis",111,0.993006019756388
"fixed",NA,"PFAS_scaled:age",0.0323313194715907,0.0424276910756909,0.762033442119481,110.000000000271,0.447670881484033,"PFDOA","log_clysis",111,0.993006019756388
"fixed",NA,"PFAS_scaled:countyASHLAND",-0.514825479409502,4.94031757113163,-0.104208984948224,110.000000000255,0.917193271505689,"PFDOA","log_clysis",111,0.993006019756388
"fixed",NA,"PFAS_scaled:countyBAYFIELD",-2.83875446241489,4.93004601142875,-0.575806890206327,109.999999999701,0.565921872668288,"PFDOA","log_clysis",111,0.993006019756388
"fixed",NA,"PFAS_scaled:countyBROWN",1.65257126464509,5.03064774391638,0.328500691912599,110.000000000336,0.74315765178083,"PFDOA","log_clysis",111,0.993006019756388
"fixed",NA,"PFAS_scaled:countyColumbia",-2.29058780877361,44.3605274728515,-0.051635720746906,110.000000000296,0.958912607763383,"PFDOA","log_clysis",111,0.993006019756388
"fixed",NA,"PFAS_scaled:countyCrawford",4.93302630662412,10.3803122357404,0.475229087005613,109.999999999422,0.635565980476192,"PFDOA","log_clysis",111,0.993006019756388
"fixed",NA,"PFAS_scaled:countyDane",-8.04481995320242,25.9960244974173,-0.30946347023183,110.000000000043,0.757554435987911,"PFDOA","log_clysis",111,0.993006019756388
"fixed",NA,"PFAS_scaled:countyDOOR",1.18213635584168,5.00506927098275,0.236187811164812,110.000000000125,0.813726162079749,"PFDOA","log_clysis",111,0.993006019756388
"fixed",NA,"PFAS_scaled:countyDOUGLAS",-4.00023586309775,5.29790540221388,-0.755059888654512,109.99999999955,0.451826680605058,"PFDOA","log_clysis",111,0.993006019756388
"fixed",NA,"PFAS_scaled:countyGrant",-4.46374393566184,23.0199415501926,-0.193907700674613,109.999999999525,0.846605784744062,"PFDOA","log_clysis",111,0.993006019756388
"fixed",NA,"PFAS_scaled:countyIowa",0.849902931285785,9.17379043405655,0.0926446856830985,110.000000000088,0.926354363147529,"PFDOA","log_clysis",111,0.993006019756388
"fixed",NA,"PFAS_scaled:countyJuneau",-0.969057869765511,7.01003516002925,-0.138238660383762,109.999999999976,0.890304546706499,"PFDOA","log_clysis",111,0.993006019756388
"fixed",NA,"PFAS_scaled:countyKEWAUNEE",123.759704101307,196.52195955805,0.629750000354288,109.999999999682,0.530164053221765,"PFDOA","log_clysis",111,0.993006019756388
"fixed",NA,"PFAS_scaled:countyLincoln",1.81792711588032,5.07223062661829,0.358407818907152,110.000000000323,0.720725056753754,"PFDOA","log_clysis",111,0.993006019756388
"fixed",NA,"PFAS_scaled:countyMANITOWOC",1.69533378856173,5.59616825695002,0.302945463881693,109.999999999865,0.762503588083836,"PFDOA","log_clysis",111,0.993006019756388
"fixed",NA,"PFAS_scaled:countyOneida",1.18922907107457,5.7753080994485,0.205916126135007,109.999999999883,0.837237047869798,"PFDOA","log_clysis",111,0.993006019756388
"fixed",NA,"PFAS_scaled:countyOUTAGAMIE",5.60619578077083,15.2741087348495,0.367039143042088,110.000000000016,0.714294966077879,"PFDOA","log_clysis",111,0.993006019756388
"fixed",NA,"PFAS_scaled:countyPortage",-5.11074793925366,43.363507330669,-0.117858269633994,109.999999999718,0.906394899188165,"PFDOA","log_clysis",111,0.993006019756388
"fixed",NA,"PFAS_scaled:countyWINNEBAGO",4.74710748293385,10.069267535286,0.471445163841208,109.999999999841,0.638256594376247,"PFDOA","log_clysis",111,0.993006019756388
"fixed",NA,"PFAS_scaled:countyWood",7.30543005471498,15.1723964939103,0.481494802594116,109.999999999979,0.631121370133399,"PFDOA","log_clysis",111,0.993006019756388
"fixed",NA,"PFAS_scaled",-0.485954353543886,4.37946545714939,-0.110962024543561,108.999999997197,0.911850522079481,"PFDS","log_clysis",110,0.993006019756388
"fixed",NA,"PFAS_scaled:DNA_sexF",0.539757194678732,2.82609807459642,0.190990255975392,108.999999997487,0.848888520193535,"PFDS","log_clysis",110,0.993006019756388
"fixed",NA,"PFAS_scaled:DNA_sexM",-2.23914438983073,2.79059763948764,-0.802388835332722,108.99999999778,0.424074073852621,"PFDS","log_clysis",110,0.993006019756388
"fixed",NA,"PFAS_scaled:age",0.0599028011370314,0.057625649091229,1.03951629320821,108.999999997118,0.300865072279114,"PFDS","log_clysis",110,0.993006019756388
"fixed",NA,"PFAS_scaled:countyASHLAND",-1.32759801430175,3.61806385230877,-0.366936037752506,108.999999996888,0.714378115238501,"PFDS","log_clysis",110,0.993006019756388
"fixed",NA,"PFAS_scaled:countyBAYFIELD",-4.22100457417122,4.04548469350695,-1.04338661346216,108.9999999965,0.299077834070916,"PFDS","log_clysis",110,0.993006019756388
"fixed",NA,"PFAS_scaled:countyBROWN",0.141739690387329,3.63087422648323,0.0390373451532675,108.999999997453,0.968932024280797,"PFDS","log_clysis",110,0.993006019756388
"fixed",NA,"PFAS_scaled:countyColumbia",98.9049344958294,129.268443024636,0.765112754370998,108.999999996973,0.445857840229152,"PFDS","log_clysis",110,0.993006019756388
"fixed",NA,"PFAS_scaled:countyCrawford",-0.29292835425163,3.35503471600193,-0.0873100814291131,108.999999997881,0.930585237719922,"PFDS","log_clysis",110,0.993006019756388
"fixed",NA,"PFAS_scaled:countyDane",-21.247348864654,19.844272815954,-1.07070433175924,108.999999997663,0.286667531701474,"PFDS","log_clysis",110,0.993006019756388
"fixed",NA,"PFAS_scaled:countyDOOR",0.472395982704927,4.4996539873028,0.104984957518498,108.999999998194,0.916580692823517,"PFDS","log_clysis",110,0.993006019756388
"fixed",NA,"PFAS_scaled:countyDOUGLAS",-5.30134055818377,4.05131907777104,-1.3085467859768,108.999999998028,0.193440336404072,"PFDS","log_clysis",110,0.993006019756388
"fixed",NA,"PFAS_scaled:countyGrant",0.178496413275108,3.43806073125946,0.0519177603967805,108.999999996217,0.958689249897791,"PFDS","log_clysis",110,0.993006019756388
"fixed",NA,"PFAS_scaled:countyIowa",-0.17330116507297,3.46842653274482,-0.0499653555976646,108.99999999757,0.960241440733469,"PFDS","log_clysis",110,0.993006019756388
"fixed",NA,"PFAS_scaled:countyJuneau",-6.60062733366016,11.8742815260812,-0.555875933980699,108.999999995965,0.579434917286429,"PFDS","log_clysis",110,0.993006019756388
"fixed",NA,"PFAS_scaled:countyKEWAUNEE",-4.30906925058519,5.15702494040999,-0.835572699449192,108.999999997209,0.4052231882204,"PFDS","log_clysis",110,0.993006019756388
"fixed",NA,"PFAS_scaled:countyLincoln",0.218108833392939,3.43930054595149,0.0634166251186397,108.999999997197,0.949550899478071,"PFDS","log_clysis",110,0.993006019756388
"fixed",NA,"PFAS_scaled:countyMANITOWOC",-4.12887519882903,4.30934095771079,-0.95812219068931,108.999999996241,0.340121520295431,"PFDS","log_clysis",110,0.993006019756388
"fixed",NA,"PFAS_scaled:countyOneida",-2.10035683768647,3.90801486669465,-0.537448528045885,108.999999997191,0.592053366182083,"PFDS","log_clysis",110,0.993006019756388
"fixed",NA,"PFAS_scaled:countyOUTAGAMIE",0.68118638045339,5.48398388693469,0.124213782260791,108.999999996692,0.901374787570887,"PFDS","log_clysis",110,0.993006019756388
"fixed",NA,"PFAS_scaled:countyPortage",-2.00837096080618,21.1041441453227,-0.0951647670228454,108.999999997538,0.924358686419442,"PFDS","log_clysis",110,0.993006019756388
"fixed",NA,"PFAS_scaled:countyWINNEBAGO",-2.1699212818992,7.76730370054724,-0.279366092218889,108.999999997121,0.780493288743263,"PFDS","log_clysis",110,0.993006019756388
"fixed",NA,"PFAS_scaled:countyWood",5.70230063271783,19.6453496674064,0.290262109316308,108.999999997321,0.772167219804796,"PFDS","log_clysis",110,0.993006019756388
"fixed",NA,"PFAS_scaled",-13.2368868799852,7.33755338001666,-1.80399190226472,109.999999998926,0.0739693195760536,"PFHPA","log_clysis",111,0.993006019756388
"fixed",NA,"PFAS_scaled:DNA_sexF",-1.642720143981,5.80161897765882,-0.283148574614582,109.999999998783,0.777595123735663,"PFHPA","log_clysis",111,0.993006019756388
"fixed",NA,"PFAS_scaled:DNA_sexM",-0.429085089484323,5.75775753109345,-0.07452295223742,110.000000000393,0.940729634072396,"PFHPA","log_clysis",111,0.993006019756388
"fixed",NA,"PFAS_scaled:age",0.392047759651707,0.123863493488429,3.16515987568469,109.999999999845,0.00200516474534351,"PFHPA","log_clysis",111,0.267954903038165
"fixed",NA,"PFAS_scaled:countyASHLAND",-5.58571512699683,2.62831519133112,-2.12520748859193,109.999999998887,0.0358076549742294,"PFHPA","log_clysis",111,0.993006019756388
"fixed",NA,"PFAS_scaled:countyBAYFIELD",2.35394654125079,7.03275113279544,0.334712048926879,109.999999998685,0.738479699833368,"PFHPA","log_clysis",111,0.993006019756388
"fixed",NA,"PFAS_scaled:countyDOUGLAS",-2.67764270303544,8.37217268570422,-0.319826501859859,109.999999998864,0.74970651664275,"PFHPA","log_clysis",111,0.993006019756388
"fixed",NA,"PFAS_scaled",-1.19584792635295,3.88361982210254,-0.307920955482592,110.00000000047,0.75872477344385,"PFHPS","log_clysis",111,0.993006019756388
"fixed",NA,"PFAS_scaled:DNA_sexF",1.36799777758818,2.66127716986437,0.514038069044082,109.999999999971,0.608256494432495,"PFHPS","log_clysis",111,0.993006019756388
"fixed",NA,"PFAS_scaled:DNA_sexM",-0.158226042978475,2.7338799569754,-0.0578760024099694,109.999999999995,0.953952403465019,"PFHPS","log_clysis",111,0.993006019756388
"fixed",NA,"PFAS_scaled:age",0.0254389700919047,0.0497566121249614,0.51126813111825,110.000000000496,0.610188034360695,"PFHPS","log_clysis",111,0.993006019756388
"fixed",NA,"PFAS_scaled:countyASHLAND",-0.908575876750993,3.00259063129378,-0.302597319555179,110.000000000749,0.762768214846833,"PFHPS","log_clysis",111,0.993006019756388
"fixed",NA,"PFAS_scaled:countyBAYFIELD",-11.9094224586603,3.97360739949672,-2.99713113584616,109.999999999869,0.00336913973262509,"PFHPS","log_clysis",111,0.283850022473664
"fixed",NA,"PFAS_scaled:countyBROWN",8.65336820144591,3.89042961598108,2.22427059620862,109.999999999896,0.0281724440491777,"PFHPS","log_clysis",111,0.949411364457288
"fixed",NA,"PFAS_scaled:countyColumbia",4.02974991483495,21.7104379708016,0.185613478652736,110.000000000101,0.853089716325852,"PFHPS","log_clysis",111,0.993006019756388
"fixed",NA,"PFAS_scaled:countyCrawford",1.5000796296329,6.49827782059543,0.230842643396778,110.000000000449,0.817865856714386,"PFHPS","log_clysis",111,0.993006019756388
"fixed",NA,"PFAS_scaled:countyDane",-1.5523103608877,11.3343320465486,-0.136956492408425,109.999999999776,0.891315543203865,"PFHPS","log_clysis",111,0.993006019756388
"fixed",NA,"PFAS_scaled:countyDOOR",-1.8937454847719,3.58486051234531,-0.528261972327888,110.000000000545,0.598381661470655,"PFHPS","log_clysis",111,0.993006019756388
"fixed",NA,"PFAS_scaled:countyDOUGLAS",-1.86800295371619,3.8323546132255,-0.487429568044066,110.000000000083,0.626923950971136,"PFHPS","log_clysis",111,0.993006019756388
"fixed",NA,"PFAS_scaled:countyGrant",-3.30201590750285,15.3814207833824,-0.214675611180876,109.999999999646,0.830417717506978,"PFHPS","log_clysis",111,0.993006019756388
"fixed",NA,"PFAS_scaled:countyIowa",0.571762471606332,5.98345132069152,0.0955573031285649,110.00000000066,0.924046042721149,"PFHPS","log_clysis",111,0.993006019756388
"fixed",NA,"PFAS_scaled:countyJuneau",1.58166815921386,8.09284381189008,0.195440341612679,110.000000000626,0.845408794531894,"PFHPS","log_clysis",111,0.993006019756388
"fixed",NA,"PFAS_scaled:countyKEWAUNEE",-0.727070706406447,5.40823370490818,-0.134437738100445,110.000000000114,0.893302114869816,"PFHPS","log_clysis",111,0.993006019756388
"fixed",NA,"PFAS_scaled:countyLincoln",0.704504095675037,2.94481138703428,0.239235727889705,110.000000001068,0.81136798020979,"PFHPS","log_clysis",111,0.993006019756388
"fixed",NA,"PFAS_scaled:countyMANITOWOC",-1.41861890611202,4.09600463082847,-0.346342114809837,110.000000001347,0.729747223720025,"PFHPS","log_clysis",111,0.993006019756388
"fixed",NA,"PFAS_scaled:countyOneida",-0.963383111758163,2.71415629518591,-0.35494754427625,109.999999999809,0.723308525083505,"PFHPS","log_clysis",111,0.993006019756388
"fixed",NA,"PFAS_scaled:countyOUTAGAMIE",1.36562212322282,6.44096110900304,0.212021482525951,110.000000000886,0.832482636775673,"PFHPS","log_clysis",111,0.993006019756388
"fixed",NA,"PFAS_scaled:countyPortage",-4.79608745778048,39.0884974080998,-0.122698179152485,110.000000000119,0.902569999264587,"PFHPS","log_clysis",111,0.993006019756388
"fixed",NA,"PFAS_scaled:countyWINNEBAGO",-2.85162710153709,5.1359397512839,-0.555229858532557,110.000000000631,0.579864828346189,"PFHPS","log_clysis",111,0.993006019756388
"fixed",NA,"PFAS_scaled:countyWood",14.9632930358456,33.1599984273005,0.45124528786245,109.999999999683,0.65270112193776,"PFHPS","log_clysis",111,0.993006019756388
"fixed",NA,"PFAS_scaled",0.640280738532329,6.23669862339591,0.102663408510782,109.999999999949,0.91841703984214,"PFHXA","log_clysis",111,0.993006019756388
"fixed",NA,"PFAS_scaled:DNA_sexF",-0.191561601782379,0.762450777700174,-0.251244549005771,109.999999999533,0.802093790035491,"PFHXA","log_clysis",111,0.993006019756388
"fixed",NA,"PFAS_scaled:age",0.00976163994726137,0.0401779154224012,0.242960338898487,110.00000000006,0.808488593802081,"PFHXA","log_clysis",111,0.993006019756388
"fixed",NA,"PFAS_scaled:countyColumbia",-2.56272380702259,21.1110811826578,-0.121392352426165,110.000000000231,0.903601750418764,"PFHXA","log_clysis",111,0.993006019756388
"fixed",NA,"PFAS_scaled:countyCrawford",-0.98262531687593,6.18133591587997,-0.15896649692691,110.000000000891,0.873986767917668,"PFHXA","log_clysis",111,0.993006019756388
"fixed",NA,"PFAS_scaled:countyGrant",-1.18933316339902,6.7917857074109,-0.175113470099811,110.000000000305,0.86131239978581,"PFHXA","log_clysis",111,0.993006019756388
"fixed",NA,"PFAS_scaled:countyIowa",-1.02106497193106,6.07963979313177,-0.167948267771483,110.000000001069,0.866932373480454,"PFHXA","log_clysis",111,0.993006019756388
"fixed",NA,"PFAS_scaled:countyJuneau",-0.539980402688392,6.48404119812753,-0.0832783731917572,109.999999999937,0.933781557077128,"PFHXA","log_clysis",111,0.993006019756388
"fixed",NA,"PFAS_scaled:countyLincoln",-0.937179337847381,6.10471051796677,-0.153517408415873,110.000000000205,0.878271541514917,"PFHXA","log_clysis",111,0.993006019756388
"fixed",NA,"PFAS_scaled:countyOneida",-0.87414006530424,6.23953740632279,-0.140096934817385,110.000000001187,0.888839608400402,"PFHXA","log_clysis",111,0.993006019756388
"fixed",NA,"PFAS_scaled:countyPortage",-1.22097940948973,6.33531406497549,-0.192725948069388,109.999999999946,0.847528976904655,"PFHXA","log_clysis",111,0.993006019756388
"fixed",NA,"PFAS_scaled:countyWood",-5.87091839368147,14.3240966692627,-0.409863081019241,110.000000000704,0.68270349218556,"PFHXA","log_clysis",111,0.993006019756388
"fixed",NA,"PFAS_scaled",-1.87868310915552,9.4375483419957,-0.199064740235094,109.99999999801,0.84257958846625,"PFHXS","log_clysis",111,0.993006019756388
"fixed",NA,"PFAS_scaled:DNA_sexF",-0.742759072067087,1.44308819653366,-0.514701093010957,109.999999997287,0.607794562888701,"PFHXS","log_clysis",111,0.993006019756388
"fixed",NA,"PFAS_scaled:DNA_sexM",-0.5200988699007,1.42056428774626,-0.366121318399355,109.999999997444,0.714977752631292,"PFHXS","log_clysis",111,0.993006019756388
"fixed",NA,"PFAS_scaled:age",-0.011159793952249,0.0644924074233274,-0.173040430619938,109.999999997263,0.862937654625204,"PFHXS","log_clysis",111,0.993006019756388
"fixed",NA,"PFAS_scaled:countyASHLAND",1.02547417860708,9.16479866695304,0.111892712090315,109.99999999758,0.911112400246072,"PFHXS","log_clysis",111,0.993006019756388
"fixed",NA,"PFAS_scaled:countyBAYFIELD",-2.23405823209739,9.26455525348391,-0.241140364644841,109.999999996596,0.809895236145072,"PFHXS","log_clysis",111,0.993006019756388
"fixed",NA,"PFAS_scaled:countyBROWN",5.0604455928216,9.20357180529362,0.549834966236802,109.999999997038,0.583547238163417,"PFHXS","log_clysis",111,0.993006019756388
"fixed",NA,"PFAS_scaled:countyColumbia",38.3434092078401,232.267238412197,0.165083157960458,109.999999997236,0.869181527786559,"PFHXS","log_clysis",111,0.993006019756388
"fixed",NA,"PFAS_scaled:countyCrawford",4.59683922508398,9.93675917906777,0.462609502982363,109.999999997372,0.644558106207663,"PFHXS","log_clysis",111,0.993006019756388
"fixed",NA,"PFAS_scaled:countyDane",-8.54342944503215,84.6607196129805,-0.100913735249213,109.9999999973,0.919802645831393,"PFHXS","log_clysis",111,0.993006019756388
"fixed",NA,"PFAS_scaled:countyDOOR",2.2580896755592,9.14214246093185,0.246997865676339,109.999999996971,0.805370269696124,"PFHXS","log_clysis",111,0.993006019756388
"fixed",NA,"PFAS_scaled:countyDOUGLAS",3.67763368413729,9.29694198787584,0.395574554400071,109.99999999804,0.693185052312676,"PFHXS","log_clysis",111,0.993006019756388
"fixed",NA,"PFAS_scaled:countyGrant",2.20778735623096,23.2010214080742,0.0951590586206958,109.999999997327,0.92436162340055,"PFHXS","log_clysis",111,0.993006019756388
"fixed",NA,"PFAS_scaled:countyIowa",3.55600241915995,9.52668897101466,0.373267399615882,109.999999997667,0.709667800436431,"PFHXS","log_clysis",111,0.993006019756388
"fixed",NA,"PFAS_scaled:countyJuneau",14.5514744310905,24.7382617425734,0.588217336469041,109.999999997454,0.557592200187936,"PFHXS","log_clysis",111,0.993006019756388
"fixed",NA,"PFAS_scaled:countyKEWAUNEE",-9.19495503962885,24.3118556792929,-0.378208688013086,109.999999998675,0.706004459369735,"PFHXS","log_clysis",111,0.993006019756388
"fixed",NA,"PFAS_scaled:countyLincoln",6.08557321898058,10.0439562909386,0.60589403644367,109.999999997308,0.545833331509425,"PFHXS","log_clysis",111,0.993006019756388
"fixed",NA,"PFAS_scaled:countyMANITOWOC",1.82219128191504,9.43006016998321,0.193232200968902,109.999999997166,0.847133463085224,"PFHXS","log_clysis",111,0.993006019756388
"fixed",NA,"PFAS_scaled:countyOneida",3.16769647469017,9.1811509707474,0.345021717296987,109.999999996928,0.730736887798277,"PFHXS","log_clysis",111,0.993006019756388
"fixed",NA,"PFAS_scaled:countyOUTAGAMIE",3.69633307811083,9.49223714238429,0.389405892695847,109.99999999809,0.697728773775939,"PFHXS","log_clysis",111,0.993006019756388
"fixed",NA,"PFAS_scaled:countyPortage",-5.38158837221691,46.4441482796202,-0.115872258864921,109.999999998612,0.90796505267869,"PFHXS","log_clysis",111,0.993006019756388
"fixed",NA,"PFAS_scaled:countyWINNEBAGO",1.20897551490958,9.40951652003768,0.128484339480679,109.999999997275,0.898000307410323,"PFHXS","log_clysis",111,0.993006019756388
"fixed",NA,"PFAS_scaled:countyWood",33.6713409861213,55.2993930154282,0.60889169211545,109.999999997315,0.543851665868736,"PFHXS","log_clysis",111,0.993006019756388
"fixed",NA,"PFAS_scaled",-5.41247503359533,59.3130965193804,-0.0912526128496229,110.000000000404,0.927457838059109,"PFNA","log_clysis",111,0.993006019756388
"fixed",NA,"PFAS_scaled:DNA_sexF",0.401798972238654,0.821349809091578,0.489193481012735,109.99999999942,0.625678755214045,"PFNA","log_clysis",111,0.993006019756388
"fixed",NA,"PFAS_scaled:DNA_sexM",-0.578077341673122,0.847797850915569,-0.681857521871321,109.999999999793,0.496762229665092,"PFNA","log_clysis",111,0.993006019756388
"fixed",NA,"PFAS_scaled:age",0.0372569441327215,0.0417795574413907,0.89175056928227,110.000000000901,0.374473161514962,"PFNA","log_clysis",111,0.993006019756388
"fixed",NA,"PFAS_scaled:countyASHLAND",2.67909043165559,59.3013435768685,0.0451775671521313,110.000000000372,0.964047687738646,"PFNA","log_clysis",111,0.993006019756388
"fixed",NA,"PFAS_scaled:countyBAYFIELD",0.761559283891562,59.3026327823858,0.0128419135569604,110.000000000028,0.989777179408581,"PFNA","log_clysis",111,0.995686296897588
"fixed",NA,"PFAS_scaled:countyBROWN",78.3661870374118,61.3933327122593,1.27646087246479,110.000000000384,0.204480985663113,"PFNA","log_clysis",111,0.993006019756388
"fixed",NA,"PFAS_scaled:countyColumbia",89.8109058703288,202.146874459032,0.444285404415345,110.000000000044,0.657709093241049,"PFNA","log_clysis",111,0.993006019756388
"fixed",NA,"PFAS_scaled:countyCrawford",22.1442623747506,71.6818092896799,0.308924434165179,110.000000001379,0.757963349786246,"PFNA","log_clysis",111,0.993006019756388
"fixed",NA,"PFAS_scaled:countyDane",-15.0079926439101,104.77296610342,-0.143242987213857,109.999999999775,0.886360352415383,"PFNA","log_clysis",111,0.993006019756388
"fixed",NA,"PFAS_scaled:countyDOOR",3.50701955126402,59.3688758438814,0.0590716853134664,110.000000000508,0.953002192954738,"PFNA","log_clysis",111,0.993006019756388
"fixed",NA,"PFAS_scaled:countyDOUGLAS",2.08570697656706,59.3196426672607,0.0351604777571964,110.000000000045,0.972015502003673,"PFNA","log_clysis",111,0.993006019756388
"fixed",NA,"PFAS_scaled:countyGrant",22.0725943030466,227.710793329716,0.0969325782949883,110.000000000171,0.922956327657824,"PFNA","log_clysis",111,0.993006019756388
"fixed",NA,"PFAS_scaled:countyIowa",-16.785716680692,258.948058272363,-0.0648227169289553,110.000000000743,0.948432812264687,"PFNA","log_clysis",111,0.993006019756388
"fixed",NA,"PFAS_scaled:countyJuneau",21.9152282628147,90.2134160511851,0.242926487235341,110.000000000341,0.8085147517489,"PFNA","log_clysis",111,0.993006019756388
"fixed",NA,"PFAS_scaled:countyKEWAUNEE",164.614570126012,216.852194353007,0.759109542871589,110.000000000282,0.449410654641991,"PFNA","log_clysis",111,0.993006019756388
"fixed",NA,"PFAS_scaled:countyLincoln",17.8719892993987,60.7376948489971,0.2942487255045,110.000000000322,0.769122387233998,"PFNA","log_clysis",111,0.993006019756388
"fixed",NA,"PFAS_scaled:countyMANITOWOC",4.90366389455141,60.0635567572224,0.0816412506900329,110.000000000286,0.935080363045473,"PFNA","log_clysis",111,0.993006019756388
"fixed",NA,"PFAS_scaled:countyOneida",5.10166093186512,59.5799265911537,0.0856271772013665,109.999999999939,0.931918453756626,"PFNA","log_clysis",111,0.993006019756388
"fixed",NA,"PFAS_scaled:countyOUTAGAMIE",63.3431603747343,160.97579320997,0.393494941765016,110.000000000319,0.694715616761683,"PFNA","log_clysis",111,0.993006019756388
"fixed",NA,"PFAS_scaled:countyPortage",115.879852102908,516.584723275911,0.224319161759291,110.000000000412,0.8229250987586,"PFNA","log_clysis",111,0.993006019756388
"fixed",NA,"PFAS_scaled:countyWINNEBAGO",-12.4275017220206,60.408965734714,-0.205722802416383,110.000000000598,0.83738769387796,"PFNA","log_clysis",111,0.993006019756388
"fixed",NA,"PFAS_scaled:countyWood",79.6876069059582,134.00413678227,0.594665275411869,110.000000000283,0.553288462059917,"PFNA","log_clysis",111,0.993006019756388
"fixed",NA,"PFAS_scaled",5.53534843036893,7.28067588829861,0.760279473402359,110.000000001738,0.448714058656613,"PFNS","log_clysis",111,0.993006019756388
"fixed",NA,"PFAS_scaled:DNA_sexF",-6.09795970594677,6.85543766285823,-0.88950698785938,110.000000001155,0.37567185246898,"PFNS","log_clysis",111,0.993006019756388
"fixed",NA,"PFAS_scaled:DNA_sexM",-6.35593126209201,6.86531396420155,-0.925803436701414,110.000000000783,0.356574835040991,"PFNS","log_clysis",111,0.993006019756388
"fixed",NA,"PFAS_scaled:age",0.0113446080431065,0.0336195608956202,0.337440696454321,110.000000000274,0.736427763446988,"PFNS","log_clysis",111,0.993006019756388
"fixed",NA,"PFAS_scaled:countyASHLAND",-1.92584312660102,3.6294252494754,-0.53061931138529,110.00000000034,0.596752246038198,"PFNS","log_clysis",111,0.993006019756388
"fixed",NA,"PFAS_scaled:countyBAYFIELD",-5.40303860053033,3.89454300007329,-1.38733571575115,110.000000000935,0.168143801052378,"PFNS","log_clysis",111,0.993006019756388
"fixed",NA,"PFAS_scaled:countyBROWN",0.557811122969543,3.22024943860561,0.17321984945709,110.000000001585,0.862796967608013,"PFNS","log_clysis",111,0.993006019756388
"fixed",NA,"PFAS_scaled:countyColumbia",-8.08718133022975,57.1639684779362,-0.141473406160581,110.000000000996,0.887754738930131,"PFNS","log_clysis",111,0.993006019756388
"fixed",NA,"PFAS_scaled:countyDOOR",1.72337400833341,7.25336304166705,0.237596546379033,110.000000000983,0.812636005486122,"PFNS","log_clysis",111,0.993006019756388
"fixed",NA,"PFAS_scaled:countyDOUGLAS",-12.0176023067196,7.45964751583992,-1.61101476727973,110.000000001026,0.110042344133913,"PFNS","log_clysis",111,0.993006019756388
"fixed",NA,"PFAS_scaled:countyGrant",-0.150210232572246,2.89589689218528,-0.0518700209864499,110.000000001981,0.958726339487265,"PFNS","log_clysis",111,0.993006019756388
"fixed",NA,"PFAS_scaled:countyIowa",-0.0641446662858853,2.71874236688673,-0.0235935067136715,110.000000000683,0.981219598156906,"PFNS","log_clysis",111,0.993006019756388
"fixed",NA,"PFAS_scaled:countyJuneau",-0.946439152689979,4.62535952877513,-0.204619586175307,110.000000000755,0.838247482062682,"PFNS","log_clysis",111,0.993006019756388
"fixed",NA,"PFAS_scaled:countyKEWAUNEE",-0.71163798606847,6.81722808638353,-0.104388173176994,110.000000001326,0.917051405287369,"PFNS","log_clysis",111,0.993006019756388
"fixed",NA,"PFAS_scaled:countyLincoln",0.528371183644908,2.50906379793574,0.210584993526115,110.000000000717,0.833600718981827,"PFNS","log_clysis",111,0.993006019756388
"fixed",NA,"PFAS_scaled:countyMANITOWOC",0.258774672732431,8.81431933669323,0.0293584408333353,110.000000001279,0.976631917433592,"PFNS","log_clysis",111,0.993006019756388
"fixed",NA,"PFAS_scaled:countyOUTAGAMIE",2.12309104440347,15.8466069488499,0.13397764273806,110.000000001018,0.893665071278453,"PFNS","log_clysis",111,0.993006019756388
"fixed",NA,"PFAS_scaled:countyPortage",0.548927462720341,2.9614052513534,0.185360467794631,110.00000000032,0.853287665830536,"PFNS","log_clysis",111,0.993006019756388
"fixed",NA,"PFAS_scaled:countyWINNEBAGO",-24.5142975729342,18.7908202637688,-1.30458900829364,110.000000001693,0.194755702819526,"PFNS","log_clysis",111,0.993006019756388
"fixed",NA,"PFAS_scaled:countyWood",1.68259915798495,4.52560446286638,0.371795452251972,110.000000000808,0.710760384531112,"PFNS","log_clysis",111,0.993006019756388
"fixed",NA,"PFAS_scaled",2.80467445214621,30.9092889004072,0.090738886332298,109.999999998215,0.927865097082208,"PFOA","log_clysis",111,0.993006019756388
"fixed",NA,"PFAS_scaled:DNA_sexF",-2.02388859062948,3.0945032471832,-0.654026972656028,109.999999997866,0.51445943135733,"PFOA","log_clysis",111,0.993006019756388
"fixed",NA,"PFAS_scaled:DNA_sexM",-0.135419831120155,3.00922215884234,-0.0450016063859677,109.999999998772,0.964187621787722,"PFOA","log_clysis",111,0.993006019756388
"fixed",NA,"PFAS_scaled:age",0.134613455781439,0.0850123847284876,1.58345700113422,109.999999998027,0.116188280731041,"PFOA","log_clysis",111,0.993006019756388
"fixed",NA,"PFAS_scaled:countyASHLAND",-9.45645110683134,30.768538765246,-0.3073415731238,109.99999999826,0.759164507637405,"PFOA","log_clysis",111,0.993006019756388
"fixed",NA,"PFAS_scaled:countyBAYFIELD",-13.8205565614862,30.9115212296956,-0.447100498833078,109.999999998332,0.655681604708182,"PFOA","log_clysis",111,0.993006019756388
"fixed",NA,"PFAS_scaled:countyBROWN",28.1389416520598,33.568449064891,0.838255636942432,109.999999998413,0.403704943133178,"PFOA","log_clysis",111,0.993006019756388
"fixed",NA,"PFAS_scaled:countyCrawford",-19.2714699229936,41.0902180296303,-0.469003837095653,109.999999998929,0.639995104995779,"PFOA","log_clysis",111,0.993006019756388
"fixed",NA,"PFAS_scaled:countyDOOR",-5.45113295836057,31.3710643460243,-0.173763086206905,109.999999998628,0.862371028334659,"PFOA","log_clysis",111,0.993006019756388
"fixed",NA,"PFAS_scaled:countyDOUGLAS",33.2285580132825,36.1462069304918,0.919282016981205,109.999999998574,0.359959548979625,"PFOA","log_clysis",111,0.993006019756388
"fixed",NA,"PFAS_scaled:countyIowa",-12.2689032401436,33.6758547913611,-0.364323439335263,109.99999999866,0.716315897567407,"PFOA","log_clysis",111,0.993006019756388
"fixed",NA,"PFAS_scaled:countyJuneau",-32.4756323942149,49.794244842197,-0.652196503775356,109.999999998422,0.515634948147434,"PFOA","log_clysis",111,0.993006019756388
"fixed",NA,"PFAS_scaled:countyKEWAUNEE",3.32335959176208,101.401827373523,0.0327741587882848,109.99999999894,0.973914080753332,"PFOA","log_clysis",111,0.993006019756388
"fixed",NA,"PFAS_scaled:countyLincoln",-6.70517779217725,30.9574818530887,-0.216593126792328,109.999999998553,0.828926622563904,"PFOA","log_clysis",111,0.993006019756388
"fixed",NA,"PFAS_scaled:countyMANITOWOC",-7.42162366899023,31.6800724972411,-0.234267887790868,109.999999998075,0.815212492861077,"PFOA","log_clysis",111,0.993006019756388
"fixed",NA,"PFAS_scaled:countyOneida",-5.51618172452013,30.7407072150149,-0.179442251797832,109.999999998195,0.857920578528178,"PFOA","log_clysis",111,0.993006019756388
"fixed",NA,"PFAS_scaled:countyOUTAGAMIE",5.3682652698644,80.3610325020644,0.0668018454059372,109.999999997941,0.946860720448705,"PFOA","log_clysis",111,0.993006019756388
"fixed",NA,"PFAS_scaled:countyPortage",-1.76646153734893,53.834174558671,-0.0328130142577696,109.999999998469,0.973883165731549,"PFOA","log_clysis",111,0.993006019756388
"fixed",NA,"PFAS_scaled:countyWINNEBAGO",-73.4562637339721,46.85891065088,-1.56760502354087,109.999999999573,0.11984561973475,"PFOA","log_clysis",111,0.993006019756388
"fixed",NA,"PFAS_scaled:countyWood",39.963143750316,97.7603767811539,0.408786719795254,109.999999998296,0.683490947484932,"PFOA","log_clysis",111,0.993006019756388
"fixed",NA,"PFAS_scaled",-1.24935308420952,3.58121954634878,-0.34886246655369,109.999999998123,0.72785943764023,"PFOS","log_clysis",111,0.993006019756388
"fixed",NA,"PFAS_scaled:DNA_sexF",-0.166971063879805,2.84975318762593,-0.0585914122685501,109.999999998203,0.953383858407536,"PFOS","log_clysis",111,0.993006019756388
"fixed",NA,"PFAS_scaled:DNA_sexM",-0.451710835796804,2.86952736508081,-0.157416458645301,109.99999999752,0.875205231733098,"PFOS","log_clysis",111,0.993006019756388
"fixed",NA,"PFAS_scaled:age",0.0418798080759108,0.0438446379709442,0.95518654079581,109.999999998059,0.341577822972062,"PFOS","log_clysis",111,0.993006019756388
"fixed",NA,"PFAS_scaled:countyASHLAND",-2.17396629182706,2.95488712923651,-0.735718894409607,109.999999998533,0.463467682629878,"PFOS","log_clysis",111,0.993006019756388
"fixed",NA,"PFAS_scaled:countyBAYFIELD",-6.62960739398325,2.97080228655211,-2.23158822247896,109.999999999561,0.0276695150692975,"PFOS","log_clysis",111,0.949411364457288
"fixed",NA,"PFAS_scaled:countyBROWN",2.38765909755711,3.11407495752452,0.766731414665479,109.999999998077,0.444883644666704,"PFOS","log_clysis",111,0.993006019756388
"fixed",NA,"PFAS_scaled:countyColumbia",-9.50642505592506,96.9076573539409,-0.0980977697273626,109.999999998479,0.922033189463672,"PFOS","log_clysis",111,0.993006019756388
"fixed",NA,"PFAS_scaled:countyCrawford",0.910452492809145,5.59901960870928,0.162609270271698,109.999999999043,0.871124431111828,"PFOS","log_clysis",111,0.993006019756388
"fixed",NA,"PFAS_scaled:countyDane",-0.730844575592714,22.9381621941043,-0.0318615139874004,109.999999999716,0.974640230102612,"PFOS","log_clysis",111,0.993006019756388
"fixed",NA,"PFAS_scaled:countyDOOR",-0.523442756060954,2.7645232046064,-0.189342869392004,109.999999998423,0.850173026641821,"PFOS","log_clysis",111,0.993006019756388
"fixed",NA,"PFAS_scaled:countyDOUGLAS",-0.0901244620668148,5.88023807016695,-0.0153266689190793,109.99999999851,0.987799330556989,"PFOS","log_clysis",111,0.995686296897588
"fixed",NA,"PFAS_scaled:countyGrant",-1.25025107561029,5.59194988881685,-0.223580522084187,109.999999998574,0.82349842056613,"PFOS","log_clysis",111,0.993006019756388
"fixed",NA,"PFAS_scaled:countyIowa",-0.3888303804038,5.74896898255979,-0.0676348022720883,109.999999999315,0.946199135668185,"PFOS","log_clysis",111,0.993006019756388
"fixed",NA,"PFAS_scaled:countyJuneau",-1.07286426858439,3.73889317376223,-0.286947023817968,109.99999999832,0.774692694784398,"PFOS","log_clysis",111,0.993006019756388
"fixed",NA,"PFAS_scaled:countyKEWAUNEE",-1.70739613523664,6.68487941707461,-0.255411657968817,109.999999998337,0.79888213001663,"PFOS","log_clysis",111,0.993006019756388
"fixed",NA,"PFAS_scaled:countyLincoln",0.367078987951035,2.34028277527058,0.156852407679065,109.999999998468,0.875648699048237,"PFOS","log_clysis",111,0.993006019756388
"fixed",NA,"PFAS_scaled:countyMANITOWOC",-0.303586787561645,3.45618339043141,-0.0878387380722152,109.999999998249,0.930164558942308,"PFOS","log_clysis",111,0.993006019756388
"fixed",NA,"PFAS_scaled:countyOneida",0.0762359062220105,2.21709156826483,0.0343855469540554,109.999999999177,0.972632027446307,"PFOS","log_clysis",111,0.993006019756388
"fixed",NA,"PFAS_scaled:countyOUTAGAMIE",1.69241231262265,7.72016242291827,0.219219780609604,109.999999998079,0.826885103593632,"PFOS","log_clysis",111,0.993006019756388
"fixed",NA,"PFAS_scaled:countyPortage",-0.703888307225497,7.46440007637837,-0.0942993810651979,109.999999998559,0.925042898294568,"PFOS","log_clysis",111,0.993006019756388
"fixed",NA,"PFAS_scaled:countyWINNEBAGO",-10.2695980384198,22.8092768026774,-0.450237775062396,109.999999998831,0.653425101389037,"PFOS","log_clysis",111,0.993006019756388
"fixed",NA,"PFAS_scaled:countyWood",10.1748733396275,27.9239932192925,0.364377446295815,109.999999998492,0.716275687787997,"PFOS","log_clysis",111,0.993006019756388
"fixed",NA,"PFAS_scaled",12.2321732948898,3.48635089852779,3.50858925303681,109.99999999954,0.000653743309379856,"PFPES","log_clysis",111,0.220311495261011
"fixed",NA,"PFAS_scaled:DNA_sexF",-2.68500268830126,0.942650891496372,-2.84835320533041,109.999999999629,0.00524613435402792,"PFPES","log_clysis",111,0.319848867714374
"fixed",NA,"PFAS_scaled:age",-0.249192239958706,0.0686790105926405,-3.62836094766644,109.999999999239,0.000434179659495075,"PFPES","log_clysis",111,0.220311495261011
"fixed",NA,"PFAS_scaled",-0.736281249390958,4.06626745924062,-0.181070541171057,109.999999995626,0.856645415051904,"PFTEDA","log_clysis",111,0.993006019756388
"fixed",NA,"PFAS_scaled:DNA_sexF",-0.502920432781887,2.65163094305886,-0.189664566292068,109.999999996187,0.849921529999731,"PFTEDA","log_clysis",111,0.993006019756388
"fixed",NA,"PFAS_scaled:DNA_sexM",-1.24359819344044,2.6734906603708,-0.465158981803945,109.999999996202,0.642737156235017,"PFTEDA","log_clysis",111,0.993006019756388
"fixed",NA,"PFAS_scaled:age",0.0422734276606667,0.0430214510756448,0.982612780455431,109.999999996672,0.327954352368189,"PFTEDA","log_clysis",111,0.993006019756388
"fixed",NA,"PFAS_scaled:countyASHLAND",-1.27293224796862,3.24553043328127,-0.392210849393166,109.999999995753,0.695661320811149,"PFTEDA","log_clysis",111,0.993006019756388
"fixed",NA,"PFAS_scaled:countyBAYFIELD",-4.5804773266904,3.33169438580162,-1.37481917495512,109.999999995717,0.171981542215792,"PFTEDA","log_clysis",111,0.993006019756388
"fixed",NA,"PFAS_scaled:countyBROWN",5.77666222537261,3.84384548008842,1.50283414234428,109.999999995905,0.135747327567526,"PFTEDA","log_clysis",111,0.993006019756388
"fixed",NA,"PFAS_scaled:countyColumbia",-2.87378817707732,72.6887222500831,-0.0395355440035134,109.999999995952,0.968535081793228,"PFTEDA","log_clysis",111,0.993006019756388
"fixed",NA,"PFAS_scaled:countyCrawford",3.25997242653965,7.08901534475252,0.459862515173248,109.999999996154,0.646522547766634,"PFTEDA","log_clysis",111,0.993006019756388
"fixed",NA,"PFAS_scaled:countyDane",-10.4361984011586,49.9490648275503,-0.208936812674866,109.999999995518,0.834883990421764,"PFTEDA","log_clysis",111,0.993006019756388
"fixed",NA,"PFAS_scaled:countyDOOR",0.314885346216632,3.55455624858102,0.0885864012821107,109.9999999962,0.929571696388894,"PFTEDA","log_clysis",111,0.993006019756388
"fixed",NA,"PFAS_scaled:countyDOUGLAS",-2.72855160706128,4.29250805578652,-0.635654394027998,109.999999995614,0.526321938807507,"PFTEDA","log_clysis",111,0.993006019756388
"fixed",NA,"PFAS_scaled:countyGrant",19.8832791310149,38.4967671861337,0.51649217802831,109.999999996541,0.606547500182263,"PFTEDA","log_clysis",111,0.993006019756388
"fixed",NA,"PFAS_scaled:countyIowa",1.11683223194652,6.91227431766376,0.161572324913748,109.999999995964,0.87193904632175,"PFTEDA","log_clysis",111,0.993006019756388
"fixed",NA,"PFAS_scaled:countyJuneau",-0.452880281642361,3.80830120198338,-0.118919239215243,109.999999995622,0.90555624104468,"PFTEDA","log_clysis",111,0.993006019756388
"fixed",NA,"PFAS_scaled:countyKEWAUNEE",-16.0372210438884,31.5709808543675,-0.50797348102252,109.999999996112,0.612489055129877,"PFTEDA","log_clysis",111,0.993006019756388
"fixed",NA,"PFAS_scaled:countyLincoln",0.862312383851622,3.00427195167786,0.287028736985688,109.999999995354,0.774630291914508,"PFTEDA","log_clysis",111,0.993006019756388
"fixed",NA,"PFAS_scaled:countyMANITOWOC",-0.00210141916306327,4.14239818175363,-0.0005072953083843,109.999999995573,0.999596155782066,"PFTEDA","log_clysis",111,0.999596155782066
"fixed",NA,"PFAS_scaled:countyOneida",0.984635211094561,4.9360696254207,0.199477577468458,109.999999996215,0.84225745756961,"PFTEDA","log_clysis",111,0.993006019756388
"fixed",NA,"PFAS_scaled:countyOUTAGAMIE",2.62132991990659,7.96225138280647,0.329219688487484,109.999999996135,0.742615658700962,"PFTEDA","log_clysis",111,0.993006019756388
"fixed",NA,"PFAS_scaled:countyPortage",-9.10429726422692,70.0280313429736,-0.130009327545382,109.999999996357,0.896796493499096,"PFTEDA","log_clysis",111,0.993006019756388
"fixed",NA,"PFAS_scaled:countyWINNEBAGO",-0.475394382738761,5.37406602569557,-0.0884608377466352,109.999999996423,0.92967125974089,"PFTEDA","log_clysis",111,0.993006019756388
"fixed",NA,"PFAS_scaled:countyWood",4.483717725222,10.5356021677979,0.425577736688513,109.999999995811,0.671247045006873,"PFTEDA","log_clysis",111,0.993006019756388
"fixed",NA,"PFAS_scaled",-7.0782950273934,11.6500063652608,-0.607578640343079,109.999999998491,0.54471924071739,"PFTRDA","log_clysis",111,0.993006019756388
"fixed",NA,"PFAS_scaled:DNA_sexF",1.86976872854083,1.34307622598273,1.39215384232768,109.999999999561,0.166683994640124,"PFTRDA","log_clysis",111,0.993006019756388
"fixed",NA,"PFAS_scaled:DNA_sexM",1.4980073008351,1.36253703939202,1.09942501196409,109.999999998862,0.273983106827739,"PFTRDA","log_clysis",111,0.993006019756388
"fixed",NA,"PFAS_scaled:age",0.0383672205800053,0.054219117875842,0.707632696420173,109.999999998559,0.480669991318567,"PFTRDA","log_clysis",111,0.993006019756388
"fixed",NA,"PFAS_scaled:countyASHLAND",2.48137863530023,11.4477448407702,0.21675698312763,109.999999999626,0.828799233792414,"PFTRDA","log_clysis",111,0.993006019756388
"fixed",NA,"PFAS_scaled:countyBAYFIELD",1.42543797895951,11.4370166260454,0.124633724472637,109.999999998239,0.901041006354455,"PFTRDA","log_clysis",111,0.993006019756388
"fixed",NA,"PFAS_scaled:countyBROWN",10.7814334454298,11.7976623481305,0.913861842057063,109.999999998894,0.362788210333356,"PFTRDA","log_clysis",111,0.993006019756388
"fixed",NA,"PFAS_scaled:countyColumbia",42.541970527143,199.797601141457,0.212925331856328,109.999999998864,0.831779307204109,"PFTRDA","log_clysis",111,0.993006019756388
"fixed",NA,"PFAS_scaled:countyCrawford",11.2641495433141,19.9094198947958,0.565769851800579,109.999999998569,0.572702554030887,"PFTRDA","log_clysis",111,0.993006019756388
"fixed",NA,"PFAS_scaled:countyDane",-6.79457002239078,48.0448019624294,-0.14142154291122,109.999999998592,0.887795611234022,"PFTRDA","log_clysis",111,0.993006019756388
"fixed",NA,"PFAS_scaled:countyDOOR",4.14066639585595,11.4742224231627,0.360866840745329,109.999999998226,0.718891091732553,"PFTRDA","log_clysis",111,0.993006019756388
"fixed",NA,"PFAS_scaled:countyDOUGLAS",0.168540973959473,11.5540199297399,0.0145872150978076,109.999999999294,0.988387923526271,"PFTRDA","log_clysis",111,0.995686296897588
"fixed",NA,"PFAS_scaled:countyGrant",6.09310935564703,36.2483146804832,0.168093590263596,109.999999999042,0.866818322072337,"PFTRDA","log_clysis",111,0.993006019756388
"fixed",NA,"PFAS_scaled:countyIowa",4.02753251003483,24.059556091344,0.167398454682372,109.999999998251,0.867363900947551,"PFTRDA","log_clysis",111,0.993006019756388
"fixed",NA,"PFAS_scaled:countyJuneau",2.74912665304746,15.7392379369576,0.174667074991743,109.999999999543,0.861662321762912,"PFTRDA","log_clysis",111,0.993006019756388
"fixed",NA,"PFAS_scaled:countyKEWAUNEE",1.04669810399523,13.1914926671865,0.0793464492914335,109.999999998897,0.936901230570848,"PFTRDA","log_clysis",111,0.993006019756388
"fixed",NA,"PFAS_scaled:countyLincoln",3.78243503525798,12.2923940847348,0.307705318360656,109.999999999412,0.758888426453199,"PFTRDA","log_clysis",111,0.993006019756388
"fixed",NA,"PFAS_scaled:countyMANITOWOC",3.64153592102804,11.8302995833986,0.307814345305185,109.99999999919,0.758805681503813,"PFTRDA","log_clysis",111,0.993006019756388
"fixed",NA,"PFAS_scaled:countyOneida",5.2641216867906,16.5007541018117,0.319023097629982,109.999999998186,0.750314007964933,"PFTRDA","log_clysis",111,0.993006019756388
"fixed",NA,"PFAS_scaled:countyOUTAGAMIE",12.3368642647685,32.8578960480487,0.375461175199046,109.999999998788,0.708040547127348,"PFTRDA","log_clysis",111,0.993006019756388
"fixed",NA,"PFAS_scaled:countyPortage",-100.08867225599,654.669737350349,-0.152884220158213,109.999999998859,0.87876967249403,"PFTRDA","log_clysis",111,0.993006019756388
"fixed",NA,"PFAS_scaled:countyWINNEBAGO",-14.2704638668334,27.9375600652975,-0.510798503286599,109.999999999306,0.610515789908854,"PFTRDA","log_clysis",111,0.993006019756388
"fixed",NA,"PFAS_scaled:countyWood",21.1042866437,34.8723454473886,0.605186900191149,109.99999999961,0.546301327918284,"PFTRDA","log_clysis",111,0.993006019756388
"fixed",NA,"PFAS_scaled",-3.65042233295239,18.413984150892,-0.198241852661504,109.999999998796,0.843221755300638,"PFUNDA","log_clysis",111,0.993006019756388
"fixed",NA,"PFAS_scaled:DNA_sexF",0.644820464343271,1.0766905401865,0.598891176504235,109.999999997829,0.550476823892047,"PFUNDA","log_clysis",111,0.993006019756388
"fixed",NA,"PFAS_scaled:DNA_sexM",-0.115667532875815,1.13205612279871,-0.102174733695939,109.999999998522,0.918804007434314,"PFUNDA","log_clysis",111,0.993006019756388
"fixed",NA,"PFAS_scaled:age",-0.0011528306916691,0.0463787477286967,-0.0248568740668215,109.99999999854,0.980214162993393,"PFUNDA","log_clysis",111,0.993006019756388
"fixed",NA,"PFAS_scaled:countyASHLAND",2.73152416559753,18.3112337851532,0.149172043656187,109.999999998502,0.881691024467351,"PFUNDA","log_clysis",111,0.993006019756388
"fixed",NA,"PFAS_scaled:countyBAYFIELD",0.902393450973982,18.3131514410582,0.0492757051607628,109.999999999034,0.960788941053521,"PFUNDA","log_clysis",111,0.993006019756388
"fixed",NA,"PFAS_scaled:countyBROWN",6.52181995655506,18.6756152360429,0.349215802217231,109.999999997672,0.727594916670166,"PFUNDA","log_clysis",111,0.993006019756388
"fixed",NA,"PFAS_scaled:countyColumbia",15.8721146593472,114.162702629262,0.139030649185761,109.999999998507,0.889680149396814,"PFUNDA","log_clysis",111,0.993006019756388
"fixed",NA,"PFAS_scaled:countyCrawford",7.52388550830852,37.1994519456641,0.202257966576991,109.99999999942,0.840088659937813,"PFUNDA","log_clysis",111,0.993006019756388
"fixed",NA,"PFAS_scaled:countyDane",-1.46976309418559,46.4050950978118,-0.0316724508610025,109.999999998807,0.974790661591323,"PFUNDA","log_clysis",111,0.993006019756388
"fixed",NA,"PFAS_scaled:countyDOOR",1.85801070993284,18.4343589092251,0.100790633353842,109.999999998863,0.919900142362984,"PFUNDA","log_clysis",111,0.993006019756388
"fixed",NA,"PFAS_scaled:countyDOUGLAS",2.11983647285655,18.3643582442389,0.115432101936999,109.999999998961,0.908313093285948,"PFUNDA","log_clysis",111,0.993006019756388
"fixed",NA,"PFAS_scaled:countyGrant",-2.09081189997735,67.2876420732592,-0.031072747321135,109.999999998548,0.975267832524696,"PFUNDA","log_clysis",111,0.993006019756388
"fixed",NA,"PFAS_scaled:countyIowa",3.50143190030742,24.1683946373487,0.144876478262088,109.999999998218,0.885073517865984,"PFUNDA","log_clysis",111,0.993006019756388
"fixed",NA,"PFAS_scaled:countyJuneau",-4.78648712953331,35.0250986995435,-0.136658776341883,109.999999997843,0.891550319645194,"PFUNDA","log_clysis",111,0.993006019756388
"fixed",NA,"PFAS_scaled:countyKEWAUNEE",-12.3516743980678,53.7600641357709,-0.229755574079557,109.999999998275,0.818708398356572,"PFUNDA","log_clysis",111,0.993006019756388
"fixed",NA,"PFAS_scaled:countyLincoln",6.02158499036027,19.2188167201833,0.313317155682977,109.99999999782,0.754633032401058,"PFUNDA","log_clysis",111,0.993006019756388
"fixed",NA,"PFAS_scaled:countyMANITOWOC",3.26018227139906,18.6611258044019,0.174704479545925,109.999999998504,0.861632999874337,"PFUNDA","log_clysis",111,0.993006019756388
"fixed",NA,"PFAS_scaled:countyOneida",2.89700928280453,19.7594163426999,0.146614112105332,109.999999998884,0.883704978806668,"PFUNDA","log_clysis",111,0.993006019756388
"fixed",NA,"PFAS_scaled:countyOUTAGAMIE",16.6597203361419,88.2122269141116,0.188859537038587,109.99999999844,0.850550915912727,"PFUNDA","log_clysis",111,0.993006019756388
"fixed",NA,"PFAS_scaled:countyPortage",-12.4802578725653,123.80240887894,-0.100807875917577,109.999999998282,0.919886486202711,"PFUNDA","log_clysis",111,0.993006019756388
"fixed",NA,"PFAS_scaled:countyWINNEBAGO",-54.93023498867,40.1232781331048,-1.36903656791064,109.999999998013,0.173776850042196,"PFUNDA","log_clysis",111,0.993006019756388
"fixed",NA,"PFAS_scaled:countyWood",27.632074166008,53.6349779405553,0.515187573986386,109.999999997752,0.607455730486089,"PFUNDA","log_clysis",111,0.993006019756388
"fixed",NA,"PFAS_scaled",-2.14336475541277,2.91290779354812,-0.735816204055677,109.999999996318,0.463408692724013,"TOTAL_PFAS","log_clysis",111,0.993006019756388
"fixed",NA,"PFAS_scaled:DNA_sexF",0.822563093630121,1.59890400429283,0.514454333356884,109.999999996168,0.607966462833181,"TOTAL_PFAS","log_clysis",111,0.993006019756388
"fixed",NA,"PFAS_scaled:DNA_sexM",-0.0213090088242739,1.61119723094159,-0.0132255743834793,109.999999995274,0.989471783458444,"TOTAL_PFAS","log_clysis",111,0.995686296897588
"fixed",NA,"PFAS_scaled:age",0.05599173513291,0.0430821894542986,1.29964924814942,109.99999999575,0.196438261134678,"TOTAL_PFAS","log_clysis",111,0.993006019756388
"fixed",NA,"PFAS_scaled:countyASHLAND",-1.8606827588224,2.4465848853612,-0.760522461311497,109.999999995671,0.448569457594055,"TOTAL_PFAS","log_clysis",111,0.993006019756388
"fixed",NA,"PFAS_scaled:countyBAYFIELD",-4.08016935527752,2.47938022698862,-1.64564083832885,109.999999995772,0.102692234394607,"TOTAL_PFAS","log_clysis",111,0.993006019756388
"fixed",NA,"PFAS_scaled:countyBROWN",2.68126962716582,2.9431372139413,0.911024336366296,109.999999996582,0.364274648009372,"TOTAL_PFAS","log_clysis",111,0.993006019756388
"fixed",NA,"PFAS_scaled:countyColumbia",-8.42298630240743,73.8933071577504,-0.113988487271597,109.999999995623,0.909454712225813,"TOTAL_PFAS","log_clysis",111,0.993006019756388
"fixed",NA,"PFAS_scaled:countyCrawford",1.13701188144283,5.63328773462131,0.201838062425772,109.999999995306,0.840416120942486,"TOTAL_PFAS","log_clysis",111,0.993006019756388
"fixed",NA,"PFAS_scaled:countyDane",-8.2214160682541,20.1683783838785,-0.407638924249152,109.999999996122,0.684331048122705,"TOTAL_PFAS","log_clysis",111,0.993006019756388
"fixed",NA,"PFAS_scaled:countyDOOR",-0.737344373653519,2.5711791055671,-0.286772855324246,109.999999995606,0.774825709039778,"TOTAL_PFAS","log_clysis",111,0.993006019756388
"fixed",NA,"PFAS_scaled:countyDOUGLAS",-3.35839743868833,3.13940245907214,-1.06975689879561,109.999999995715,0.28707052429526,"TOTAL_PFAS","log_clysis",111,0.993006019756388
"fixed",NA,"PFAS_scaled:countyGrant",-1.6941102622139,6.29665397509758,-0.269049286956831,109.999999995605,0.788395749097794,"TOTAL_PFAS","log_clysis",111,0.993006019756388
"fixed",NA,"PFAS_scaled:countyIowa",-1.04515004283962,6.88525428964205,-0.151795416534129,109.99999999664,0.879626351008458,"TOTAL_PFAS","log_clysis",111,0.993006019756388
"fixed",NA,"PFAS_scaled:countyJuneau",-2.17432156234652,3.84100425506359,-0.566081529193859,109.999999996308,0.572491408489098,"TOTAL_PFAS","log_clysis",111,0.993006019756388
"fixed",NA,"PFAS_scaled:countyKEWAUNEE",-4.09846575724409,7.37783047137143,-0.555510969403211,109.999999996114,0.579673252702625,"TOTAL_PFAS","log_clysis",111,0.993006019756388
"fixed",NA,"PFAS_scaled:countyLincoln",0.462862361623532,2.36234619265925,0.195933332320991,109.999999995364,0.845023846285369,"TOTAL_PFAS","log_clysis",111,0.993006019756388
"fixed",NA,"PFAS_scaled:countyMANITOWOC",-0.4743559232708,3.09464460194161,-0.153282843197304,109.999999996209,0.878456068944934,"TOTAL_PFAS","log_clysis",111,0.993006019756388
"fixed",NA,"PFAS_scaled:countyOneida",-0.345061891089367,2.22949049430279,-0.154771635928089,109.999999996067,0.877284981612201,"TOTAL_PFAS","log_clysis",111,0.993006019756388
"fixed",NA,"PFAS_scaled:countyOUTAGAMIE",2.66489106320208,8.11958557861768,0.328205305233788,109.999999995979,0.743380357208523,"TOTAL_PFAS","log_clysis",111,0.993006019756388
"fixed",NA,"PFAS_scaled:countyPortage",-1.17452769289488,8.93972045213781,-0.131383044825972,109.999999995922,0.895712297647387,"TOTAL_PFAS","log_clysis",111,0.993006019756388
"fixed",NA,"PFAS_scaled:countyWINNEBAGO",-12.5157250945312,15.3504717341874,-0.815331627018156,109.99999999527,0.416644387361394,"TOTAL_PFAS","log_clysis",111,0.993006019756388
"fixed",NA,"PFAS_scaled:countyWood",7.43157831233363,20.3645419848852,0.364927348616503,109.999999995959,0.715866314665173,"TOTAL_PFAS","log_clysis",111,0.993006019756388
